Company Code,Month year,Product Group 2 Code,Product Group 3 Code,Product Group 4 Code,Plant Code,Channel Description,FM 01_Invoices Revenue,FM 07_Gross Profit,Product Group 2 Name,Product Group 3 Name,Product Group 4 Name,GL Account Code
1000,Aug 2021,PC,PCM,PCM00,1115,Retail,250000,45000,LOẠI KHÁC,MISCELLANEOUS,BÁCH HÓA TỔNG HỢP,0051111100
1000,Aug 2021,PC,PCM,PCM00,1115,Retail,-250000,-45000,LOẠI KHÁC,MISCELLANEOUS,BÁCH HÓA TỔNG HỢP,0051190010
1000,Aug 2021,PC,PCM,PCM00,1278,Retail,250000,45000,LOẠI KHÁC,MISCELLANEOUS,BÁCH HÓA TỔNG HỢP,0051111100
1000,Aug 2021,PC,PCM,PCM00,1278,Retail,-250000,-45000,LOẠI KHÁC,MISCELLANEOUS,BÁCH HÓA TỔNG HỢP,0051190010
1000,Aug 2021,PC,PCM,PCM00,1279,Retail,250000,45000,LOẠI KHÁC,MISCELLANEOUS,BÁCH HÓA TỔNG HỢP,0051111100
1000,Aug 2021,PC,PCM,PCM00,1279,Retail,-250000,-45000,LOẠI KHÁC,MISCELLANEOUS,BÁCH HÓA TỔNG HỢP,0051190010
1000,Aug 2021,PC,PCM,PCM00,1294,Retail,250000,45000,LOẠI KHÁC,MISCELLANEOUS,BÁCH HÓA TỔNG HỢP,0051111100
1000,Aug 2021,PC,PCM,PCM00,1294,Retail,-250000,-45000,LOẠI KHÁC,MISCELLANEOUS,BÁCH HÓA TỔNG HỢP,0051190010
1000,Aug 2021,PC,PCM,PCM00,1314,Retail,500000,90000,LOẠI KHÁC,MISCELLANEOUS,BÁCH HÓA TỔNG HỢP,0051111100
1000,Aug 2021,PC,PCM,PCM00,1314,Retail,-500000,-90000,LOẠI KHÁC,MISCELLANEOUS,BÁCH HÓA TỔNG HỢP,0051190010
1000,Aug 2021,PC,PCM,PCM00,1370,Retail,500000,90000,LOẠI KHÁC,MISCELLANEOUS,BÁCH HÓA TỔNG HỢP,0051111100
1000,Aug 2021,PC,PCM,PCM00,1370,Retail,-500000,-90000,LOẠI KHÁC,MISCELLANEOUS,BÁCH HÓA TỔNG HỢP,0051190010
1000,Aug 2021,PC,PCM,PCM00,1401,Retail,500000,90000,LOẠI KHÁC,MISCELLANEOUS,BÁCH HÓA TỔNG HỢP,0051111100
1000,Aug 2021,PC,PCM,PCM00,1401,Retail,-500000,-90000,LOẠI KHÁC,MISCELLANEOUS,BÁCH HÓA TỔNG HỢP,0051190010
1000,Aug 2021,PC,PCM,PCM00,1402,Retail,250000,45000,LOẠI KHÁC,MISCELLANEOUS,BÁCH HÓA TỔNG HỢP,0051111100
1000,Aug 2021,PC,PCM,PCM00,1402,Retail,-250000,-45000,LOẠI KHÁC,MISCELLANEOUS,BÁCH HÓA TỔNG HỢP,0051190010
1000,Aug 2021,PC,PCM,PCM00,1404,Retail,250000,45000,LOẠI KHÁC,MISCELLANEOUS,BÁCH HÓA TỔNG HỢP,0051111100
1000,Aug 2021,PC,PCM,PCM00,1404,Retail,-250000,-45000,LOẠI KHÁC,MISCELLANEOUS,BÁCH HÓA TỔNG HỢP,0051190010
1000,Aug 2021,PC,PCM,PCM00,1445,Retail,500000,90000,LOẠI KHÁC,MISCELLANEOUS,BÁCH HÓA TỔNG HỢP,0051111100
1000,Aug 2021,PC,PCM,PCM00,1445,Retail,-500000,-90000,LOẠI KHÁC,MISCELLANEOUS,BÁCH HÓA TỔNG HỢP,0051190010
1000,Aug 2021,PC,PCM,PCM00,1493,Retail,250000,45000,LOẠI KHÁC,MISCELLANEOUS,BÁCH HÓA TỔNG HỢP,0051111100
1000,Aug 2021,PC,PCM,PCM00,1493,Retail,-250000,-45000,LOẠI KHÁC,MISCELLANEOUS,BÁCH HÓA TỔNG HỢP,0051190010
1000,Aug 2021,PC,PCS,PCS00,1115,Online,1235619,222411,LOẠI KHÁC,SERVICE,SERVICE,0051131001
1000,Aug 2021,PC,PCS,PCS00,1115,Retail,320000,57600,LOẠI KHÁC,SERVICE,SERVICE,0051131000
1000,Aug 2021,PC,PCS,PCS00,1280,Online,218827,39389,LOẠI KHÁC,SERVICE,SERVICE,0051131001
1000,Aug 2021,PC,PCS,PCS00,1294,Retail,6435,1158,LOẠI KHÁC,SERVICE,SERVICE,0051131000
1000,Aug 2021,PC,PCS,PCS00,1295,Online,155700,28026,LOẠI KHÁC,SERVICE,SERVICE,0051131001
1000,Aug 2021,PC,PCS,PCS00,1295,Retail,140000,25200,LOẠI KHÁC,SERVICE,SERVICE,0051131000
1000,Aug 2021,PC,PCS,PCS00,1314,Retail,1390000,250200,LOẠI KHÁC,SERVICE,SERVICE,0051131000
1000,Aug 2021,PC,PCS,PCS00,1314,Retail,272727,49091,LOẠI KHÁC,SERVICE,SERVICE,0051131001
1000,Aug 2021,PC,PCS,PCS00,1316,Online,187909,33824,LOẠI KHÁC,SERVICE,SERVICE,0051131001
1000,Aug 2021,PC,PCS,PCS00,1316,Retail,870000,156600,LOẠI KHÁC,SERVICE,SERVICE,0051131000
1000,Aug 2021,PC,PCS,PCS00,1329,Online,102164,18390,LOẠI KHÁC,SERVICE,SERVICE,0051131001
1000,Aug 2021,PC,PCS,PCS00,1370,Online,60855,10954,LOẠI KHÁC,SERVICE,SERVICE,0051131001
1000,Aug 2021,PC,PCS,PCS00,1370,Retail,280000,50400,LOẠI KHÁC,SERVICE,SERVICE,0051131000
1000,Aug 2021,PC,PCS,PCS00,1376,Retail,127273,22909,LOẠI KHÁC,SERVICE,SERVICE,0051131000
1000,Aug 2021,PC,PCS,PCS00,1401,Online,136186,24513,LOẠI KHÁC,SERVICE,SERVICE,0051131001
1000,Aug 2021,PC,PCS,PCS00,1401,Retail,470000,84600,LOẠI KHÁC,SERVICE,SERVICE,0051131000
1000,Aug 2021,PC,PCS,PCS00,1402,Online,186882,33639,LOẠI KHÁC,SERVICE,SERVICE,0051131001
1000,Aug 2021,PC,PCS,PCS00,1404,Online,617000,111060,LOẠI KHÁC,SERVICE,SERVICE,0051131001
1000,Aug 2021,PC,PCS,PCS00,1404,Retail,1669438,300499,LOẠI KHÁC,SERVICE,SERVICE,0051131000
1000,Aug 2021,PC,PCS,PCS00,1417,Retail,210000,37800,LOẠI KHÁC,SERVICE,SERVICE,0051131000
1000,Aug 2021,PC,PCS,PCS00,1445,Online,0,0,LOẠI KHÁC,SERVICE,SERVICE,0051131001
1000,Aug 2021,PC,PCS,PCS00,1445,Retail,200000,36000,LOẠI KHÁC,SERVICE,SERVICE,0051131000
1000,Aug 2021,PC,PCS,PCS00,1445,Retail,109091,19636,LOẠI KHÁC,SERVICE,SERVICE,0051131001
1000,Aug 2021,PC,PCS,PCS00,1493,Retail,600000,108000,LOẠI KHÁC,SERVICE,SERVICE,0051131000
1000,Aug 2021,PD,PDN,PDND0,1115,Retail,720783000,80456390,ĐÁ,ĐÁ THIÊN NHIÊN,KIM CƯƠNG,0051111100
1000,Aug 2021,PD,PDN,PDND0,1294,Retail,184923600,27738540,ĐÁ,ĐÁ THIÊN NHIÊN,KIM CƯƠNG,0051111100
1000,Aug 2021,PD,PDN,PDND0,1295,Retail,106554500,15983175,ĐÁ,ĐÁ THIÊN NHIÊN,KIM CƯƠNG,0051111100
1000,Aug 2021,PD,PDN,PDND0,1314,Online,134191400,20128710,ĐÁ,ĐÁ THIÊN NHIÊN,KIM CƯƠNG,0051111100
1000,Aug 2021,PD,PDN,PDND0,1314,Retail,175086250,26262938,ĐÁ,ĐÁ THIÊN NHIÊN,KIM CƯƠNG,0051111100
1000,Aug 2021,PD,PDN,PDND0,1316,Retail,378995210,36896258,ĐÁ,ĐÁ THIÊN NHIÊN,KIM CƯƠNG,0051111100
1000,Aug 2021,PD,PDN,PDND0,1330,Retail,98134900,14720235,ĐÁ,ĐÁ THIÊN NHIÊN,KIM CƯƠNG,0051111100
1000,Aug 2021,PD,PDN,PDND0,1370,Retail,57800400,8670060,ĐÁ,ĐÁ THIÊN NHIÊN,KIM CƯƠNG,0051111100
1000,Aug 2021,PD,PDN,PDND0,1376,Retail,44962400,6744360,ĐÁ,ĐÁ THIÊN NHIÊN,KIM CƯƠNG,0051111100
1000,Aug 2021,PD,PDN,PDND0,1401,Retail,1584157700,131289539,ĐÁ,ĐÁ THIÊN NHIÊN,KIM CƯƠNG,0051111100
1000,Aug 2021,PD,PDN,PDND0,1404,Retail,237391300,35608695,ĐÁ,ĐÁ THIÊN NHIÊN,KIM CƯƠNG,0051111100
1000,Aug 2021,PD,PDN,PDND0,1445,Retail,64817200,9722580,ĐÁ,ĐÁ THIÊN NHIÊN,KIM CƯƠNG,0051111100
1000,Aug 2021,PD,PDN,PDND0,1467,Retail,20921200,3138180,ĐÁ,ĐÁ THIÊN NHIÊN,KIM CƯƠNG,0051111100
1000,Aug 2021,PD,PDN,PDND0,1473,Retail,0,0,ĐÁ,ĐÁ THIÊN NHIÊN,KIM CƯƠNG,0051111100
1000,Aug 2021,PG,PGA,PGAA0,1277,Online,8180800,2208816,VÀNG,PNJ MEN,TRANG SỨC CZ,0051121000
1000,Aug 2021,PG,PGA,PGAB0,1115,Retail,63379560,17112481,VÀNG,PNJ MEN,TRANG SỨC ECZ,0051121000
1000,Aug 2021,PG,PGA,PGAB0,1277,Online,0,0,VÀNG,PNJ MEN,TRANG SỨC ECZ,0051121000
1000,Aug 2021,PG,PGA,PGAB0,1277,Retail,25356000,6846120,VÀNG,PNJ MEN,TRANG SỨC ECZ,0051121000
1000,Aug 2021,PG,PGA,PGAB0,1280,Retail,15988450,4316882,VÀNG,PNJ MEN,TRANG SỨC ECZ,0051121000
1000,Aug 2021,PG,PGA,PGAB0,1294,Retail,19419000,5243130,VÀNG,PNJ MEN,TRANG SỨC ECZ,0051121000
1000,Aug 2021,PG,PGA,PGAB0,1294,Retail,,-2859840,VÀNG,PNJ MEN,TRANG SỨC ECZ,0052131000
1000,Aug 2021,PG,PGA,PGAB0,1314,Retail,7866000,2123820,VÀNG,PNJ MEN,TRANG SỨC ECZ,0051121000
1000,Aug 2021,PG,PGA,PGAB0,1316,Retail,14528000,3922560,VÀNG,PNJ MEN,TRANG SỨC ECZ,0051121000
1000,Aug 2021,PG,PGA,PGAB0,1330,Retail,8654000,2336580,VÀNG,PNJ MEN,TRANG SỨC ECZ,0051121000
1000,Aug 2021,PG,PGA,PGAB0,1370,Retail,24139400,6517638,VÀNG,PNJ MEN,TRANG SỨC ECZ,0051121000
1000,Aug 2021,PG,PGA,PGAB0,1401,Online,8478000,2289060,VÀNG,PNJ MEN,TRANG SỨC ECZ,0051121000
1000,Aug 2021,PG,PGA,PGAB0,1401,Retail,9206000,2485620,VÀNG,PNJ MEN,TRANG SỨC ECZ,0051121000
1000,Aug 2021,PG,PGA,PGAB0,1402,Retail,35043000,9461610,VÀNG,PNJ MEN,TRANG SỨC ECZ,0051121000
1000,Aug 2021,PG,PGA,PGAB0,1404,Retail,15715000,4243050,VÀNG,PNJ MEN,TRANG SỨC ECZ,0051121000
1000,Aug 2021,PG,PGA,PGAB0,1417,Online,7788000,2102760,VÀNG,PNJ MEN,TRANG SỨC ECZ,0051121000
1000,Aug 2021,PG,PGA,PGAB0,1417,Retail,9053000,2444310,VÀNG,PNJ MEN,TRANG SỨC ECZ,0051121000
1000,Aug 2021,PG,PGA,PGAB0,1445,Online,10500000,2835000,VÀNG,PNJ MEN,TRANG SỨC ECZ,0051121000
1000,Aug 2021,PG,PGA,PGAB0,1445,Retail,10802000,2916540,VÀNG,PNJ MEN,TRANG SỨC ECZ,0051121000
1000,Aug 2021,PG,PGA,PGAB0,1447,Online,7944000,2144880,VÀNG,PNJ MEN,TRANG SỨC ECZ,0051121000
1000,Aug 2021,PG,PGA,PGAB0,1467,Retail,13816680,3730504,VÀNG,PNJ MEN,TRANG SỨC ECZ,0051121000
1000,Aug 2021,PG,PGA,PGAB0,1473,Retail,25186000,6800220,VÀNG,PNJ MEN,TRANG SỨC ECZ,0051121000
1000,Aug 2021,PG,PGA,PGAC0,1316,Retail,70395230,24638331,VÀNG,PNJ MEN,TRANG SỨC ĐÁ MÀU,0051121000
1000,Aug 2021,PG,PGA,PGAC0,1404,Retail,25611880,8964158,VÀNG,PNJ MEN,TRANG SỨC ĐÁ MÀU,0051121000
1000,Aug 2021,PG,PGA,PGAD0,1115,Retail,11556000,2889000,VÀNG,PNJ MEN,TRANG SỨC DÂY CHUYỀN,0051121000
1000,Aug 2021,PG,PGA,PGAD0,1277,Retail,11417870,2854468,VÀNG,PNJ MEN,TRANG SỨC DÂY CHUYỀN,0051121000
1000,Aug 2021,PG,PGA,PGAD0,1316,Retail,8724330,2181083,VÀNG,PNJ MEN,TRANG SỨC DÂY CHUYỀN,0051121000
1000,Aug 2021,PG,PGA,PGAKC,1115,Retail,72900000,18954000,VÀNG,PNJ MEN,TRANG SỨC KIM CƯƠNG,0051111100
1000,Aug 2021,PG,PGA,PGAKC,1115,Retail,180455120,46918331,VÀNG,PNJ MEN,TRANG SỨC KIM CƯƠNG,0051121000
1000,Aug 2021,PG,PGA,PGAKC,1314,Retail,21148040,5498490,VÀNG,PNJ MEN,TRANG SỨC KIM CƯƠNG,0051121000
1000,Aug 2021,PG,PGA,PGAKC,1316,Online,31045000,8071700,VÀNG,PNJ MEN,TRANG SỨC KIM CƯƠNG,0051121000
1000,Aug 2021,PG,PGA,PGAKC,1316,Retail,59087150,15362659,VÀNG,PNJ MEN,TRANG SỨC KIM CƯƠNG,0051121000
1000,Aug 2021,PG,PGA,PGAKC,1370,Retail,83505000,21711300,VÀNG,PNJ MEN,TRANG SỨC KIM CƯƠNG,0051111100
1000,Aug 2021,PG,PGA,PGAKC,1401,Retail,154220540,40097340,VÀNG,PNJ MEN,TRANG SỨC KIM CƯƠNG,0051121000
1000,Aug 2021,PG,PGA,PGAKC,1401,Retail,,-11836760,VÀNG,PNJ MEN,TRANG SỨC KIM CƯƠNG,0052131000
1000,Aug 2021,PG,PGA,PGAKC,1402,Retail,58018400,15084784,VÀNG,PNJ MEN,TRANG SỨC KIM CƯƠNG,0051121000
1000,Aug 2021,PG,PGA,PGAKC,1404,Retail,38823000,10093980,VÀNG,PNJ MEN,TRANG SỨC KIM CƯƠNG,0051121000
1000,Aug 2021,PG,PGA,PGAV0,1314,Online,60595000,16360650,VÀNG,PNJ MEN,TRANG SỨC VỎ,0051111100
1000,Aug 2021,PG,PGA,PGAV0,1314,Retail,64000000,17280000,VÀNG,PNJ MEN,TRANG SỨC VỎ,0051121000
1000,Aug 2021,PG,PGA,PGAV0,1401,Retail,139026000,37537020,VÀNG,PNJ MEN,TRANG SỨC VỎ,0051111100
1000,Aug 2021,PG,PGA,PGAV0,1404,Retail,52014400,14043888,VÀNG,PNJ MEN,TRANG SỨC VỎ,0051121000
1000,Aug 2021,PG,PGB,PGB00,1294,Retail,170000,30600,VÀNG,BÁN THÀNH PHẨM,BÁN THÀNH PHẨM,0051121000
1000,Aug 2021,PG,PGB,PGB00,1314,Retail,500000,90000,VÀNG,BÁN THÀNH PHẨM,BÁN THÀNH PHẨM,0051121000
1000,Aug 2021,PG,PGB,PGB00,1316,Retail,840000,151200,VÀNG,BÁN THÀNH PHẨM,BÁN THÀNH PHẨM,0051121000
1000,Aug 2021,PG,PGB,PGB00,1370,Retail,320000,57600,VÀNG,BÁN THÀNH PHẨM,BÁN THÀNH PHẨM,0051121000
1000,Aug 2021,PG,PGB,PGB00,1401,Retail,180000,32400,VÀNG,BÁN THÀNH PHẨM,BÁN THÀNH PHẨM,0051121000
1000,Aug 2021,PG,PGB,PGB00,1404,Retail,340000,61200,VÀNG,BÁN THÀNH PHẨM,BÁN THÀNH PHẨM,0051121000
1000,Aug 2021,PG,PGG,PGGA0,1115,Online,24302460,6561664,VÀNG,VÀNG,TRANG SỨC CZ,0051121000
1000,Aug 2021,PG,PGG,PGGA0,1115,Retail,96820036,26141410,VÀNG,VÀNG,TRANG SỨC CZ,0051121000
1000,Aug 2021,PG,PGG,PGGA0,1277,Online,13166100,3554847,VÀNG,VÀNG,TRANG SỨC CZ,0051121000
1000,Aug 2021,PG,PGG,PGGA0,1277,Online,,-1437480,VÀNG,VÀNG,TRANG SỨC CZ,0052131000
1000,Aug 2021,PG,PGG,PGGA0,1277,Retail,9795456,2644773,VÀNG,VÀNG,TRANG SỨC CZ,0051121000
1000,Aug 2021,PG,PGG,PGGA0,1278,Retail,21530310,5813184,VÀNG,VÀNG,TRANG SỨC CZ,0051121000
1000,Aug 2021,PG,PGG,PGGA0,1279,Retail,7781000,2100870,VÀNG,VÀNG,TRANG SỨC CZ,0051121000
1000,Aug 2021,PG,PGG,PGGA0,1280,Retail,62877330,16976879,VÀNG,VÀNG,TRANG SỨC CZ,0051121000
1000,Aug 2021,PG,PGG,PGGA0,1294,Online,1360000,367200,VÀNG,VÀNG,TRANG SỨC CZ,0051121000
1000,Aug 2021,PG,PGG,PGGA0,1294,Retail,56306050,15202634,VÀNG,VÀNG,TRANG SỨC CZ,0051121000
1000,Aug 2021,PG,PGG,PGGA0,1294,Retail,,-4385381,VÀNG,VÀNG,TRANG SỨC CZ,0052131000
1000,Aug 2021,PG,PGG,PGGA0,1295,Online,5730000,1547100,VÀNG,VÀNG,TRANG SỨC CZ,0051121000
1000,Aug 2021,PG,PGG,PGGA0,1295,Retail,15554000,4199580,VÀNG,VÀNG,TRANG SỨC CZ,0051121000
1000,Aug 2021,PG,PGG,PGGA0,1314,Online,30491422,8232684,VÀNG,VÀNG,TRANG SỨC CZ,0051121000
1000,Aug 2021,PG,PGG,PGGA0,1314,Retail,106301310,28701354,VÀNG,VÀNG,TRANG SỨC CZ,0051121000
1000,Aug 2021,PG,PGG,PGGA0,1316,Online,14159550,3823079,VÀNG,VÀNG,TRANG SỨC CZ,0051121000
1000,Aug 2021,PG,PGG,PGGA0,1316,Retail,57060026,15406207,VÀNG,VÀNG,TRANG SỨC CZ,0051121000
1000,Aug 2021,PG,PGG,PGGA0,1318,Online,1474400,398088,VÀNG,VÀNG,TRANG SỨC CZ,0051121000
1000,Aug 2021,PG,PGG,PGGA0,1318,Retail,26978466,7284186,VÀNG,VÀNG,TRANG SỨC CZ,0051121000
1000,Aug 2021,PG,PGG,PGGA0,1329,Online,3780000,1020600,VÀNG,VÀNG,TRANG SỨC CZ,0051121000
1000,Aug 2021,PG,PGG,PGGA0,1329,Retail,6672630,1801610,VÀNG,VÀNG,TRANG SỨC CZ,0051121000
1000,Aug 2021,PG,PGG,PGGA0,1330,Retail,17084260,4612750,VÀNG,VÀNG,TRANG SỨC CZ,0051121000
1000,Aug 2021,PG,PGG,PGGA0,1370,Online,,-396900,VÀNG,VÀNG,TRANG SỨC CZ,0052131000
1000,Aug 2021,PG,PGG,PGGA0,1370,Retail,38048300,10273041,VÀNG,VÀNG,TRANG SỨC CZ,0051121000
1000,Aug 2021,PG,PGG,PGGA0,1370,Retail,,-1049490,VÀNG,VÀNG,TRANG SỨC CZ,0052131000
1000,Aug 2021,PG,PGG,PGGA0,1373,Online,3991750,1077773,VÀNG,VÀNG,TRANG SỨC CZ,0051121000
1000,Aug 2021,PG,PGG,PGGA0,1373,Online,,-5679018,VÀNG,VÀNG,TRANG SỨC CZ,0052131000
1000,Aug 2021,PG,PGG,PGGA0,1376,Online,11542000,3116340,VÀNG,VÀNG,TRANG SỨC CZ,0051121000
1000,Aug 2021,PG,PGG,PGGA0,1376,Retail,14636000,3951720,VÀNG,VÀNG,TRANG SỨC CZ,0051121000
1000,Aug 2021,PG,PGG,PGGA0,1401,Online,9245000,2496150,VÀNG,VÀNG,TRANG SỨC CZ,0051121000
1000,Aug 2021,PG,PGG,PGGA0,1401,Retail,52791238,14253634,VÀNG,VÀNG,TRANG SỨC CZ,0051121000
1000,Aug 2021,PG,PGG,PGGA0,1401,Retail,,-970650,VÀNG,VÀNG,TRANG SỨC CZ,0052131000
1000,Aug 2021,PG,PGG,PGGA0,1402,Online,3113000,840510,VÀNG,VÀNG,TRANG SỨC CZ,0051121000
1000,Aug 2021,PG,PGG,PGGA0,1402,Retail,16780203,4530655,VÀNG,VÀNG,TRANG SỨC CZ,0051121000
1000,Aug 2021,PG,PGG,PGGA0,1402,Retail,,-1278772,VÀNG,VÀNG,TRANG SỨC CZ,0052131000
1000,Aug 2021,PG,PGG,PGGA0,1404,Retail,127845768,34518357,VÀNG,VÀNG,TRANG SỨC CZ,0051121000
1000,Aug 2021,PG,PGG,PGGA0,1404,Retail,,-1877823,VÀNG,VÀNG,TRANG SỨC CZ,0052131000
1000,Aug 2021,PG,PGG,PGGA0,1417,Retail,2809000,758430,VÀNG,VÀNG,TRANG SỨC CZ,0051121000
1000,Aug 2021,PG,PGG,PGGA0,1445,Online,3921572,1058824,VÀNG,VÀNG,TRANG SỨC CZ,0051121000
1000,Aug 2021,PG,PGG,PGGA0,1445,Retail,51449662,13891409,VÀNG,VÀNG,TRANG SỨC CZ,0051121000
1000,Aug 2021,PG,PGG,PGGA0,1447,Online,12403000,3348810,VÀNG,VÀNG,TRANG SỨC CZ,0051121000
1000,Aug 2021,PG,PGG,PGGA0,1467,Online,0,0,VÀNG,VÀNG,TRANG SỨC CZ,0051121000
1000,Aug 2021,PG,PGG,PGGA0,1467,Retail,4960164,1339244,VÀNG,VÀNG,TRANG SỨC CZ,0051121000
1000,Aug 2021,PG,PGG,PGGA0,1473,Retail,20164000,5444280,VÀNG,VÀNG,TRANG SỨC CZ,0051121000
1000,Aug 2021,PG,PGG,PGGA0,1489,Retail,25468700,6876549,VÀNG,VÀNG,TRANG SỨC CZ,0051121000
1000,Aug 2021,PG,PGG,PGGB0,1115,Online,11952858,3227272,VÀNG,VÀNG,TRANG SỨC ECZ,0051121000
1000,Aug 2021,PG,PGG,PGGB0,1115,Retail,4730000,1277100,VÀNG,VÀNG,TRANG SỨC ECZ,0051111100
1000,Aug 2021,PG,PGG,PGGB0,1115,Retail,155655305,42026932,VÀNG,VÀNG,TRANG SỨC ECZ,0051121000
1000,Aug 2021,PG,PGG,PGGB0,1256,Online,3842000,1037340,VÀNG,VÀNG,TRANG SỨC ECZ,0051121000
1000,Aug 2021,PG,PGG,PGGB0,1256,Online,,-1301940,VÀNG,VÀNG,TRANG SỨC ECZ,0052131000
1000,Aug 2021,PG,PGG,PGGB0,1277,Retail,170848537,46129105,VÀNG,VÀNG,TRANG SỨC ECZ,0051121000
1000,Aug 2021,PG,PGG,PGGB0,1277,Retail,,-5932710,VÀNG,VÀNG,TRANG SỨC ECZ,0052131000
1000,Aug 2021,PG,PGG,PGGB0,1278,Retail,18491846,4992798,VÀNG,VÀNG,TRANG SỨC ECZ,0051121000
1000,Aug 2021,PG,PGG,PGGB0,1279,Retail,19977656,5393967,VÀNG,VÀNG,TRANG SỨC ECZ,0051121000
1000,Aug 2021,PG,PGG,PGGB0,1280,Online,3016000,814320,VÀNG,VÀNG,TRANG SỨC ECZ,0051121000
1000,Aug 2021,PG,PGG,PGGB0,1280,Retail,117632770,31760848,VÀNG,VÀNG,TRANG SỨC ECZ,0051121000
1000,Aug 2021,PG,PGG,PGGB0,1294,Online,34879613,9417496,VÀNG,VÀNG,TRANG SỨC ECZ,0051121000
1000,Aug 2021,PG,PGG,PGGB0,1294,Retail,107032350,28898735,VÀNG,VÀNG,TRANG SỨC ECZ,0051121000
1000,Aug 2021,PG,PGG,PGGB0,1295,Online,19459959,5254189,VÀNG,VÀNG,TRANG SỨC ECZ,0051121000
1000,Aug 2021,PG,PGG,PGGB0,1295,Online,,-1000620,VÀNG,VÀNG,TRANG SỨC ECZ,0052131000
1000,Aug 2021,PG,PGG,PGGB0,1295,Retail,84105346,22708443,VÀNG,VÀNG,TRANG SỨC ECZ,0051121000
1000,Aug 2021,PG,PGG,PGGB0,1314,Online,43543330,11756699,VÀNG,VÀNG,TRANG SỨC ECZ,0051121000
1000,Aug 2021,PG,PGG,PGGB0,1314,Retail,189028192,51037612,VÀNG,VÀNG,TRANG SỨC ECZ,0051121000
1000,Aug 2021,PG,PGG,PGGB0,1314,Retail,,-1688040,VÀNG,VÀNG,TRANG SỨC ECZ,0052131000
1000,Aug 2021,PG,PGG,PGGB0,1316,Online,43868950,11844617,VÀNG,VÀNG,TRANG SỨC ECZ,0051121000
1000,Aug 2021,PG,PGG,PGGB0,1316,Online,,-838620,VÀNG,VÀNG,TRANG SỨC ECZ,0052131000
1000,Aug 2021,PG,PGG,PGGB0,1316,Retail,131520514,35510539,VÀNG,VÀNG,TRANG SỨC ECZ,0051121000
1000,Aug 2021,PG,PGG,PGGB0,1316,Retail,,-1994836,VÀNG,VÀNG,TRANG SỨC ECZ,0052131000
1000,Aug 2021,PG,PGG,PGGB0,1318,Online,15139490,4087662,VÀNG,VÀNG,TRANG SỨC ECZ,0051121000
1000,Aug 2021,PG,PGG,PGGB0,1318,Retail,17861552,4822619,VÀNG,VÀNG,TRANG SỨC ECZ,0051121000
1000,Aug 2021,PG,PGG,PGGB0,1329,Online,10701900,2889513,VÀNG,VÀNG,TRANG SỨC ECZ,0051121000
1000,Aug 2021,PG,PGG,PGGB0,1329,Retail,9281000,2505870,VÀNG,VÀNG,TRANG SỨC ECZ,0051121000
1000,Aug 2021,PG,PGG,PGGB0,1330,Retail,11431100,3086397,VÀNG,VÀNG,TRANG SỨC ECZ,0051121000
1000,Aug 2021,PG,PGG,PGGB0,1370,Online,4725000,1275750,VÀNG,VÀNG,TRANG SỨC ECZ,0051121000
1000,Aug 2021,PG,PGG,PGGB0,1370,Retail,87070127,23508934,VÀNG,VÀNG,TRANG SỨC ECZ,0051121000
1000,Aug 2021,PG,PGG,PGGB0,1370,Retail,,-1783890,VÀNG,VÀNG,TRANG SỨC ECZ,0052131000
1000,Aug 2021,PG,PGG,PGGB0,1373,Online,46214260,12477850,VÀNG,VÀNG,TRANG SỨC ECZ,0051121000
1000,Aug 2021,PG,PGG,PGGB0,1373,Retail,7632170,2060686,VÀNG,VÀNG,TRANG SỨC ECZ,0051121000
1000,Aug 2021,PG,PGG,PGGB0,1376,Online,19119730,5162327,VÀNG,VÀNG,TRANG SỨC ECZ,0051121000
1000,Aug 2021,PG,PGG,PGGB0,1376,Retail,25867800,6984306,VÀNG,VÀNG,TRANG SỨC ECZ,0051121000
1000,Aug 2021,PG,PGG,PGGB0,1401,Online,40286985,10877486,VÀNG,VÀNG,TRANG SỨC ECZ,0051121000
1000,Aug 2021,PG,PGG,PGGB0,1401,Retail,109229819,29492051,VÀNG,VÀNG,TRANG SỨC ECZ,0051121000
1000,Aug 2021,PG,PGG,PGGB0,1402,Online,2687000,725490,VÀNG,VÀNG,TRANG SỨC ECZ,0051121000
1000,Aug 2021,PG,PGG,PGGB0,1402,Retail,73041700,19721259,VÀNG,VÀNG,TRANG SỨC ECZ,0051121000
1000,Aug 2021,PG,PGG,PGGB0,1402,Retail,,-912870,VÀNG,VÀNG,TRANG SỨC ECZ,0052131000
1000,Aug 2021,PG,PGG,PGGB0,1404,Online,11025560,2976901,VÀNG,VÀNG,TRANG SỨC ECZ,0051121000
1000,Aug 2021,PG,PGG,PGGB0,1404,Retail,172444325,46559968,VÀNG,VÀNG,TRANG SỨC ECZ,0051121000
1000,Aug 2021,PG,PGG,PGGB0,1404,Retail,,-3412530,VÀNG,VÀNG,TRANG SỨC ECZ,0052131000
1000,Aug 2021,PG,PGG,PGGB0,1417,Online,10703000,2889810,VÀNG,VÀNG,TRANG SỨC ECZ,0051121000
1000,Aug 2021,PG,PGG,PGGB0,1417,Retail,51881160,14007913,VÀNG,VÀNG,TRANG SỨC ECZ,0051121000
1000,Aug 2021,PG,PGG,PGGB0,1417,Retail,,-1904960,VÀNG,VÀNG,TRANG SỨC ECZ,0052131000
1000,Aug 2021,PG,PGG,PGGB0,1445,Online,6857000,1851390,VÀNG,VÀNG,TRANG SỨC ECZ,0051121000
1000,Aug 2021,PG,PGG,PGGB0,1445,Online,,-766530,VÀNG,VÀNG,TRANG SỨC ECZ,0052131000
1000,Aug 2021,PG,PGG,PGGB0,1445,Retail,119983296,32395490,VÀNG,VÀNG,TRANG SỨC ECZ,0051121000
1000,Aug 2021,PG,PGG,PGGB0,1447,Online,23710230,6401762,VÀNG,VÀNG,TRANG SỨC ECZ,0051121000
1000,Aug 2021,PG,PGG,PGGB0,1467,Online,32791278,8853645,VÀNG,VÀNG,TRANG SỨC ECZ,0051121000
1000,Aug 2021,PG,PGG,PGGB0,1467,Retail,32341323,8732157,VÀNG,VÀNG,TRANG SỨC ECZ,0051121000
1000,Aug 2021,PG,PGG,PGGB0,1473,Retail,16243120,4385642,VÀNG,VÀNG,TRANG SỨC ECZ,0051121000
1000,Aug 2021,PG,PGG,PGGB0,1489,Online,8467400,2286198,VÀNG,VÀNG,TRANG SỨC ECZ,0051121000
1000,Aug 2021,PG,PGG,PGGB0,1489,Retail,42000345,11340093,VÀNG,VÀNG,TRANG SỨC ECZ,0051121000
1000,Aug 2021,PG,PGG,PGGB0,1493,Online,11277238,3044854,VÀNG,VÀNG,TRANG SỨC ECZ,0051121000
1000,Aug 2021,PG,PGG,PGGB0,1493,Retail,31801000,8586270,VÀNG,VÀNG,TRANG SỨC ECZ,0051121000
1000,Aug 2021,PG,PGG,PGGC0,1115,Online,24785500,8674925,VÀNG,VÀNG,TRANG SỨC ĐÁ MÀU,0051121000
1000,Aug 2021,PG,PGG,PGGC0,1115,Online,,-2413250,VÀNG,VÀNG,TRANG SỨC ĐÁ MÀU,0052131000
1000,Aug 2021,PG,PGG,PGGC0,1115,Retail,42775000,14971250,VÀNG,VÀNG,TRANG SỨC ĐÁ MÀU,0051121000
1000,Aug 2021,PG,PGG,PGGC0,1277,Retail,15282000,5348700,VÀNG,VÀNG,TRANG SỨC ĐÁ MÀU,0051121000
1000,Aug 2021,PG,PGG,PGGC0,1278,Retail,3985000,1394750,VÀNG,VÀNG,TRANG SỨC ĐÁ MÀU,0051121000
1000,Aug 2021,PG,PGG,PGGC0,1280,Retail,58027000,20309450,VÀNG,VÀNG,TRANG SỨC ĐÁ MÀU,0051121000
1000,Aug 2021,PG,PGG,PGGC0,1294,Online,45359380,15875783,VÀNG,VÀNG,TRANG SỨC ĐÁ MÀU,0051121000
1000,Aug 2021,PG,PGG,PGGC0,1294,Retail,36238250,12683388,VÀNG,VÀNG,TRANG SỨC ĐÁ MÀU,0051121000
1000,Aug 2021,PG,PGG,PGGC0,1314,Retail,27932290,9776302,VÀNG,VÀNG,TRANG SỨC ĐÁ MÀU,0051121000
1000,Aug 2021,PG,PGG,PGGC0,1316,Online,34174020,11960907,VÀNG,VÀNG,TRANG SỨC ĐÁ MÀU,0051121000
1000,Aug 2021,PG,PGG,PGGC0,1316,Online,,-3057600,VÀNG,VÀNG,TRANG SỨC ĐÁ MÀU,0052131000
1000,Aug 2021,PG,PGG,PGGC0,1316,Retail,106166560,37158296,VÀNG,VÀNG,TRANG SỨC ĐÁ MÀU,0051121000
1000,Aug 2021,PG,PGG,PGGC0,1318,Online,15297000,5353950,VÀNG,VÀNG,TRANG SỨC ĐÁ MÀU,0051121000
1000,Aug 2021,PG,PGG,PGGC0,1318,Retail,39923000,13973050,VÀNG,VÀNG,TRANG SỨC ĐÁ MÀU,0051121000
1000,Aug 2021,PG,PGG,PGGC0,1370,Online,4487280,1570548,VÀNG,VÀNG,TRANG SỨC ĐÁ MÀU,0051121000
1000,Aug 2021,PG,PGG,PGGC0,1370,Retail,33688825,11791089,VÀNG,VÀNG,TRANG SỨC ĐÁ MÀU,0051121000
1000,Aug 2021,PG,PGG,PGGC0,1376,Online,13154650,4604128,VÀNG,VÀNG,TRANG SỨC ĐÁ MÀU,0051121000
1000,Aug 2021,PG,PGG,PGGC0,1376,Retail,6995000,2448250,VÀNG,VÀNG,TRANG SỨC ĐÁ MÀU,0051121000
1000,Aug 2021,PG,PGG,PGGC0,1401,Online,29084750,10179663,VÀNG,VÀNG,TRANG SỨC ĐÁ MÀU,0051121000
1000,Aug 2021,PG,PGG,PGGC0,1401,Retail,51131670,17896085,VÀNG,VÀNG,TRANG SỨC ĐÁ MÀU,0051121000
1000,Aug 2021,PG,PGG,PGGC0,1402,Online,0,0,VÀNG,VÀNG,TRANG SỨC ĐÁ MÀU,0051121000
1000,Aug 2021,PG,PGG,PGGC0,1402,Retail,111885158,39159805,VÀNG,VÀNG,TRANG SỨC ĐÁ MÀU,0051121000
1000,Aug 2021,PG,PGG,PGGC0,1402,Retail,,-2006727,VÀNG,VÀNG,TRANG SỨC ĐÁ MÀU,0052131000
1000,Aug 2021,PG,PGG,PGGC0,1404,Retail,122679450,42937808,VÀNG,VÀNG,TRANG SỨC ĐÁ MÀU,0051121000
1000,Aug 2021,PG,PGG,PGGC0,1417,Retail,8270099,2894535,VÀNG,VÀNG,TRANG SỨC ĐÁ MÀU,0051121000
1000,Aug 2021,PG,PGG,PGGC0,1447,Online,11576640,4051824,VÀNG,VÀNG,TRANG SỨC ĐÁ MÀU,0051121000
1000,Aug 2021,PG,PGG,PGGC0,1493,Retail,12829750,4490413,VÀNG,VÀNG,TRANG SỨC ĐÁ MÀU,0051121000
1000,Aug 2021,PG,PGG,PGGD0,1115,Online,19678800,4919700,VÀNG,VÀNG,TRANG SỨC DÂY CHUYỀN,0051111100
1000,Aug 2021,PG,PGG,PGGD0,1115,Online,10305142,2576286,VÀNG,VÀNG,TRANG SỨC DÂY CHUYỀN,0051121000
1000,Aug 2021,PG,PGG,PGGD0,1115,Retail,11290000,2822500,VÀNG,VÀNG,TRANG SỨC DÂY CHUYỀN,0051111100
1000,Aug 2021,PG,PGG,PGGD0,1115,Retail,76949119,19237280,VÀNG,VÀNG,TRANG SỨC DÂY CHUYỀN,0051121000
1000,Aug 2021,PG,PGG,PGGD0,1115,Retail,,-875000,VÀNG,VÀNG,TRANG SỨC DÂY CHUYỀN,0052131000
1000,Aug 2021,PG,PGG,PGGD0,1256,Online,3475000,868750,VÀNG,VÀNG,TRANG SỨC DÂY CHUYỀN,0051121000
1000,Aug 2021,PG,PGG,PGGD0,1256,Online,,-878750,VÀNG,VÀNG,TRANG SỨC DÂY CHUYỀN,0052131000
1000,Aug 2021,PG,PGG,PGGD0,1277,Retail,124587809,31146952,VÀNG,VÀNG,TRANG SỨC DÂY CHUYỀN,0051121000
1000,Aug 2021,PG,PGG,PGGD0,1278,Retail,17580604,4395151,VÀNG,VÀNG,TRANG SỨC DÂY CHUYỀN,0051121000
1000,Aug 2021,PG,PGG,PGGD0,1278,Retail,,-451207,VÀNG,VÀNG,TRANG SỨC DÂY CHUYỀN,0052131000
1000,Aug 2021,PG,PGG,PGGD0,1279,Retail,10062000,2515500,VÀNG,VÀNG,TRANG SỨC DÂY CHUYỀN,0051121000
1000,Aug 2021,PG,PGG,PGGD0,1280,Online,8834760,2208690,VÀNG,VÀNG,TRANG SỨC DÂY CHUYỀN,0051121000
1000,Aug 2021,PG,PGG,PGGD0,1280,Retail,110589252,27647313,VÀNG,VÀNG,TRANG SỨC DÂY CHUYỀN,0051121000
1000,Aug 2021,PG,PGG,PGGD0,1294,Online,11742807,2935702,VÀNG,VÀNG,TRANG SỨC DÂY CHUYỀN,0051121000
1000,Aug 2021,PG,PGG,PGGD0,1294,Retail,155366150,38841538,VÀNG,VÀNG,TRANG SỨC DÂY CHUYỀN,0051121000
1000,Aug 2021,PG,PGG,PGGD0,1294,Retail,,-2080975,VÀNG,VÀNG,TRANG SỨC DÂY CHUYỀN,0052131000
1000,Aug 2021,PG,PGG,PGGD0,1295,Retail,77818008,19454502,VÀNG,VÀNG,TRANG SỨC DÂY CHUYỀN,0051121000
1000,Aug 2021,PG,PGG,PGGD0,1295,Retail,,-2079480,VÀNG,VÀNG,TRANG SỨC DÂY CHUYỀN,0052131000
1000,Aug 2021,PG,PGG,PGGD0,1314,Online,53932616,13483154,VÀNG,VÀNG,TRANG SỨC DÂY CHUYỀN,0051121000
1000,Aug 2021,PG,PGG,PGGD0,1314,Retail,175020158,43755040,VÀNG,VÀNG,TRANG SỨC DÂY CHUYỀN,0051121000
1000,Aug 2021,PG,PGG,PGGD0,1316,Online,10686300,2671575,VÀNG,VÀNG,TRANG SỨC DÂY CHUYỀN,0051121000
1000,Aug 2021,PG,PGG,PGGD0,1316,Retail,28190000,7047500,VÀNG,VÀNG,TRANG SỨC DÂY CHUYỀN,0051111100
1000,Aug 2021,PG,PGG,PGGD0,1316,Retail,97020853,24255213,VÀNG,VÀNG,TRANG SỨC DÂY CHUYỀN,0051121000
1000,Aug 2021,PG,PGG,PGGD0,1316,Retail,,-2027500,VÀNG,VÀNG,TRANG SỨC DÂY CHUYỀN,0052131000
1000,Aug 2021,PG,PGG,PGGD0,1318,Online,8991000,2247750,VÀNG,VÀNG,TRANG SỨC DÂY CHUYỀN,0051111100
1000,Aug 2021,PG,PGG,PGGD0,1318,Retail,34874122,8718531,VÀNG,VÀNG,TRANG SỨC DÂY CHUYỀN,0051121000
1000,Aug 2021,PG,PGG,PGGD0,1329,Online,1380505,345126,VÀNG,VÀNG,TRANG SỨC DÂY CHUYỀN,0051121000
1000,Aug 2021,PG,PGG,PGGD0,1329,Retail,2105000,526250,VÀNG,VÀNG,TRANG SỨC DÂY CHUYỀN,0051121000
1000,Aug 2021,PG,PGG,PGGD0,1330,Retail,8495000,2123750,VÀNG,VÀNG,TRANG SỨC DÂY CHUYỀN,0051111100
1000,Aug 2021,PG,PGG,PGGD0,1330,Retail,12597550,3149388,VÀNG,VÀNG,TRANG SỨC DÂY CHUYỀN,0051121000
1000,Aug 2021,PG,PGG,PGGD0,1370,Online,4179720,1044930,VÀNG,VÀNG,TRANG SỨC DÂY CHUYỀN,0051121000
1000,Aug 2021,PG,PGG,PGGD0,1370,Retail,3951000,987750,VÀNG,VÀNG,TRANG SỨC DÂY CHUYỀN,0051111100
1000,Aug 2021,PG,PGG,PGGD0,1370,Retail,81455178,20363795,VÀNG,VÀNG,TRANG SỨC DÂY CHUYỀN,0051121000
1000,Aug 2021,PG,PGG,PGGD0,1373,Online,14709000,3677250,VÀNG,VÀNG,TRANG SỨC DÂY CHUYỀN,0051121000
1000,Aug 2021,PG,PGG,PGGD0,1373,Online,,-446750,VÀNG,VÀNG,TRANG SỨC DÂY CHUYỀN,0052131000
1000,Aug 2021,PG,PGG,PGGD0,1376,Online,3188000,797000,VÀNG,VÀNG,TRANG SỨC DÂY CHUYỀN,0051121000
1000,Aug 2021,PG,PGG,PGGD0,1376,Retail,61561730,15390433,VÀNG,VÀNG,TRANG SỨC DÂY CHUYỀN,0051121000
1000,Aug 2021,PG,PGG,PGGD0,1401,Online,64355896,16088974,VÀNG,VÀNG,TRANG SỨC DÂY CHUYỀN,0051121000
1000,Aug 2021,PG,PGG,PGGD0,1401,Retail,32576800,8144200,VÀNG,VÀNG,TRANG SỨC DÂY CHUYỀN,0051111100
1000,Aug 2021,PG,PGG,PGGD0,1401,Retail,104767318,26191830,VÀNG,VÀNG,TRANG SỨC DÂY CHUYỀN,0051121000
1000,Aug 2021,PG,PGG,PGGD0,1401,Retail,,-322750,VÀNG,VÀNG,TRANG SỨC DÂY CHUYỀN,0052131000
1000,Aug 2021,PG,PGG,PGGD0,1402,Online,1361880,340470,VÀNG,VÀNG,TRANG SỨC DÂY CHUYỀN,0051121000
1000,Aug 2021,PG,PGG,PGGD0,1402,Retail,14890000,3722500,VÀNG,VÀNG,TRANG SỨC DÂY CHUYỀN,0051111100
1000,Aug 2021,PG,PGG,PGGD0,1402,Retail,92761000,23190250,VÀNG,VÀNG,TRANG SỨC DÂY CHUYỀN,0051121000
1000,Aug 2021,PG,PGG,PGGD0,1402,Retail,,-757195,VÀNG,VÀNG,TRANG SỨC DÂY CHUYỀN,0052131000
1000,Aug 2021,PG,PGG,PGGD0,1404,Online,6774013,1693503,VÀNG,VÀNG,TRANG SỨC DÂY CHUYỀN,0051121000
1000,Aug 2021,PG,PGG,PGGD0,1404,Retail,180032817,45008204,VÀNG,VÀNG,TRANG SỨC DÂY CHUYỀN,0051121000
1000,Aug 2021,PG,PGG,PGGD0,1417,Online,6230000,1557500,VÀNG,VÀNG,TRANG SỨC DÂY CHUYỀN,0051121000
1000,Aug 2021,PG,PGG,PGGD0,1417,Retail,5690500,1422625,VÀNG,VÀNG,TRANG SỨC DÂY CHUYỀN,0051111100
1000,Aug 2021,PG,PGG,PGGD0,1417,Retail,73617712,18404428,VÀNG,VÀNG,TRANG SỨC DÂY CHUYỀN,0051121000
1000,Aug 2021,PG,PGG,PGGD0,1417,Retail,,-1847055,VÀNG,VÀNG,TRANG SỨC DÂY CHUYỀN,0052131000
1000,Aug 2021,PG,PGG,PGGD0,1445,Online,7570220,1892555,VÀNG,VÀNG,TRANG SỨC DÂY CHUYỀN,0051121000
1000,Aug 2021,PG,PGG,PGGD0,1445,Online,,-1330750,VÀNG,VÀNG,TRANG SỨC DÂY CHUYỀN,0052131000
1000,Aug 2021,PG,PGG,PGGD0,1445,Retail,122813339,30703335,VÀNG,VÀNG,TRANG SỨC DÂY CHUYỀN,0051121000
1000,Aug 2021,PG,PGG,PGGD0,1447,Online,2633000,658250,VÀNG,VÀNG,TRANG SỨC DÂY CHUYỀN,0051121000
1000,Aug 2021,PG,PGG,PGGD0,1467,Online,28463819,7115955,VÀNG,VÀNG,TRANG SỨC DÂY CHUYỀN,0051121000
1000,Aug 2021,PG,PGG,PGGD0,1467,Retail,49299435,12324859,VÀNG,VÀNG,TRANG SỨC DÂY CHUYỀN,0051121000
1000,Aug 2021,PG,PGG,PGGD0,1473,Retail,50695587,12673897,VÀNG,VÀNG,TRANG SỨC DÂY CHUYỀN,0051121000
1000,Aug 2021,PG,PGG,PGGD0,1489,Retail,44385315,11096329,VÀNG,VÀNG,TRANG SỨC DÂY CHUYỀN,0051121000
1000,Aug 2021,PG,PGG,PGGD0,1493,Retail,9432000,2358000,VÀNG,VÀNG,TRANG SỨC DÂY CHUYỀN,0051121000
1000,Aug 2021,PG,PGG,PGGKC,1115,Online,74196270,19291030,VÀNG,VÀNG,TRANG SỨC KIM CƯƠNG,0051121000
1000,Aug 2021,PG,PGG,PGGKC,1115,Online,,-5226780,VÀNG,VÀNG,TRANG SỨC KIM CƯƠNG,0052131000
1000,Aug 2021,PG,PGG,PGGKC,1115,Retail,608872460,158306840,VÀNG,VÀNG,TRANG SỨC KIM CƯƠNG,0051121000
1000,Aug 2021,PG,PGG,PGGKC,1277,Online,5008110,1302109,VÀNG,VÀNG,TRANG SỨC KIM CƯƠNG,0051121000
1000,Aug 2021,PG,PGG,PGGKC,1277,Retail,211942256,55104987,VÀNG,VÀNG,TRANG SỨC KIM CƯƠNG,0051121000
1000,Aug 2021,PG,PGG,PGGKC,1278,Retail,80280920,20873039,VÀNG,VÀNG,TRANG SỨC KIM CƯƠNG,0051121000
1000,Aug 2021,PG,PGG,PGGKC,1279,Retail,158150490,41119127,VÀNG,VÀNG,TRANG SỨC KIM CƯƠNG,0051121000
1000,Aug 2021,PG,PGG,PGGKC,1280,Online,41845800,10879908,VÀNG,VÀNG,TRANG SỨC KIM CƯƠNG,0051121000
1000,Aug 2021,PG,PGG,PGGKC,1280,Retail,177653810,46189991,VÀNG,VÀNG,TRANG SỨC KIM CƯƠNG,0051121000
1000,Aug 2021,PG,PGG,PGGKC,1294,Online,20895000,5432700,VÀNG,VÀNG,TRANG SỨC KIM CƯƠNG,0051121000
1000,Aug 2021,PG,PGG,PGGKC,1294,Online,,-4599400,VÀNG,VÀNG,TRANG SỨC KIM CƯƠNG,0052131000
1000,Aug 2021,PG,PGG,PGGKC,1294,Retail,506222750,131617915,VÀNG,VÀNG,TRANG SỨC KIM CƯƠNG,0051121000
1000,Aug 2021,PG,PGG,PGGKC,1295,Online,7521041,1955471,VÀNG,VÀNG,TRANG SỨC KIM CƯƠNG,0051121000
1000,Aug 2021,PG,PGG,PGGKC,1295,Retail,228106740,59307752,VÀNG,VÀNG,TRANG SỨC KIM CƯƠNG,0051121000
1000,Aug 2021,PG,PGG,PGGKC,1295,Retail,,-4861147,VÀNG,VÀNG,TRANG SỨC KIM CƯƠNG,0052131000
1000,Aug 2021,PG,PGG,PGGKC,1314,Online,165913428,43137491,VÀNG,VÀNG,TRANG SỨC KIM CƯƠNG,0051121000
1000,Aug 2021,PG,PGG,PGGKC,1314,Retail,287883100,74849606,VÀNG,VÀNG,TRANG SỨC KIM CƯƠNG,0051121000
1000,Aug 2021,PG,PGG,PGGKC,1316,Online,81066810,21077371,VÀNG,VÀNG,TRANG SỨC KIM CƯƠNG,0051121000
1000,Aug 2021,PG,PGG,PGGKC,1316,Retail,19953000,5187780,VÀNG,VÀNG,TRANG SỨC KIM CƯƠNG,0051111100
1000,Aug 2021,PG,PGG,PGGKC,1316,Retail,847352200,220311572,VÀNG,VÀNG,TRANG SỨC KIM CƯƠNG,0051121000
1000,Aug 2021,PG,PGG,PGGKC,1318,Online,12552800,3263728,VÀNG,VÀNG,TRANG SỨC KIM CƯƠNG,0051121000
1000,Aug 2021,PG,PGG,PGGKC,1318,Retail,383900330,99814086,VÀNG,VÀNG,TRANG SỨC KIM CƯƠNG,0051121000
1000,Aug 2021,PG,PGG,PGGKC,1329,Retail,34941720,9084847,VÀNG,VÀNG,TRANG SỨC KIM CƯƠNG,0051121000
1000,Aug 2021,PG,PGG,PGGKC,1330,Retail,147495530,38348838,VÀNG,VÀNG,TRANG SỨC KIM CƯƠNG,0051121000
1000,Aug 2021,PG,PGG,PGGKC,1370,Online,14120800,3671408,VÀNG,VÀNG,TRANG SỨC KIM CƯƠNG,0051121000
1000,Aug 2021,PG,PGG,PGGKC,1370,Retail,169249705,44004923,VÀNG,VÀNG,TRANG SỨC KIM CƯƠNG,0051121000
1000,Aug 2021,PG,PGG,PGGKC,1373,Online,50041060,13010676,VÀNG,VÀNG,TRANG SỨC KIM CƯƠNG,0051121000
1000,Aug 2021,PG,PGG,PGGKC,1376,Online,35537802,9239829,VÀNG,VÀNG,TRANG SỨC KIM CƯƠNG,0051121000
1000,Aug 2021,PG,PGG,PGGKC,1376,Retail,53656000,13950560,VÀNG,VÀNG,TRANG SỨC KIM CƯƠNG,0051121000
1000,Aug 2021,PG,PGG,PGGKC,1401,Online,80744379,20993539,VÀNG,VÀNG,TRANG SỨC KIM CƯƠNG,0051121000
1000,Aug 2021,PG,PGG,PGGKC,1401,Retail,155810360,40510694,VÀNG,VÀNG,TRANG SỨC KIM CƯƠNG,0051121000
1000,Aug 2021,PG,PGG,PGGKC,1402,Retail,657951412,171067367,VÀNG,VÀNG,TRANG SỨC KIM CƯƠNG,0051121000
1000,Aug 2021,PG,PGG,PGGKC,1402,Retail,,-2788896,VÀNG,VÀNG,TRANG SỨC KIM CƯƠNG,0052131000
1000,Aug 2021,PG,PGG,PGGKC,1404,Online,10453000,2717780,VÀNG,VÀNG,TRANG SỨC KIM CƯƠNG,0051121000
1000,Aug 2021,PG,PGG,PGGKC,1404,Retail,734422160,190949762,VÀNG,VÀNG,TRANG SỨC KIM CƯƠNG,0051121000
1000,Aug 2021,PG,PGG,PGGKC,1417,Online,94926290,24680835,VÀNG,VÀNG,TRANG SỨC KIM CƯƠNG,0051121000
1000,Aug 2021,PG,PGG,PGGKC,1417,Retail,134305620,34919461,VÀNG,VÀNG,TRANG SỨC KIM CƯƠNG,0051121000
1000,Aug 2021,PG,PGG,PGGKC,1445,Online,9811000,2550860,VÀNG,VÀNG,TRANG SỨC KIM CƯƠNG,0051121000
1000,Aug 2021,PG,PGG,PGGKC,1445,Retail,220405520,57305435,VÀNG,VÀNG,TRANG SỨC KIM CƯƠNG,0051121000
1000,Aug 2021,PG,PGG,PGGKC,1447,Online,24313470,6321502,VÀNG,VÀNG,TRANG SỨC KIM CƯƠNG,0051121000
1000,Aug 2021,PG,PGG,PGGKC,1467,Online,4239870,1102366,VÀNG,VÀNG,TRANG SỨC KIM CƯƠNG,0051121000
1000,Aug 2021,PG,PGG,PGGKC,1467,Retail,205340300,53388478,VÀNG,VÀNG,TRANG SỨC KIM CƯƠNG,0051121000
1000,Aug 2021,PG,PGG,PGGKC,1473,Retail,194459630,50559504,VÀNG,VÀNG,TRANG SỨC KIM CƯƠNG,0051121000
1000,Aug 2021,PG,PGG,PGGKC,1489,Online,0,0,VÀNG,VÀNG,TRANG SỨC KIM CƯƠNG,0051121000
1000,Aug 2021,PG,PGG,PGGKC,1489,Online,,-11519040,VÀNG,VÀNG,TRANG SỨC KIM CƯƠNG,0052131000
1000,Aug 2021,PG,PGG,PGGKC,1489,Retail,58589380,15233239,VÀNG,VÀNG,TRANG SỨC KIM CƯƠNG,0051121000
1000,Aug 2021,PG,PGG,PGGKC,1493,Online,0,0,VÀNG,VÀNG,TRANG SỨC KIM CƯƠNG,0051121000
1000,Aug 2021,PG,PGG,PGGKC,1493,Retail,46981950,12215307,VÀNG,VÀNG,TRANG SỨC KIM CƯƠNG,0051121000
1000,Aug 2021,PG,PGG,PGGP0,1115,Online,11544750,3694320,VÀNG,VÀNG,TRANG SỨC NGỌC TRAI,0051121000
1000,Aug 2021,PG,PGG,PGGP0,1115,Retail,34358200,10994624,VÀNG,VÀNG,TRANG SỨC NGỌC TRAI,0051121000
1000,Aug 2021,PG,PGG,PGGP0,1277,Retail,9916010,3173123,VÀNG,VÀNG,TRANG SỨC NGỌC TRAI,0051121000
1000,Aug 2021,PG,PGG,PGGP0,1295,Online,0,0,VÀNG,VÀNG,TRANG SỨC NGỌC TRAI,0051121000
1000,Aug 2021,PG,PGG,PGGP0,1295,Retail,70000,22400,VÀNG,VÀNG,TRANG SỨC NGỌC TRAI,0051121000
1000,Aug 2021,PG,PGG,PGGP0,1314,Retail,33201280,10624410,VÀNG,VÀNG,TRANG SỨC NGỌC TRAI,0051121000
1000,Aug 2021,PG,PGG,PGGP0,1316,Retail,31746126,10158760,VÀNG,VÀNG,TRANG SỨC NGỌC TRAI,0051121000
1000,Aug 2021,PG,PGG,PGGP0,1316,Retail,,-2454720,VÀNG,VÀNG,TRANG SỨC NGỌC TRAI,0052131000
1000,Aug 2021,PG,PGG,PGGP0,1318,Retail,7767000,2485440,VÀNG,VÀNG,TRANG SỨC NGỌC TRAI,0051121000
1000,Aug 2021,PG,PGG,PGGP0,1330,Retail,0,0,VÀNG,VÀNG,TRANG SỨC NGỌC TRAI,0051121000
1000,Aug 2021,PG,PGG,PGGP0,1370,Online,0,0,VÀNG,VÀNG,TRANG SỨC NGỌC TRAI,0051121000
1000,Aug 2021,PG,PGG,PGGP0,1370,Retail,30381920,9722214,VÀNG,VÀNG,TRANG SỨC NGỌC TRAI,0051121000
1000,Aug 2021,PG,PGG,PGGP0,1373,Online,3133520,1002726,VÀNG,VÀNG,TRANG SỨC NGỌC TRAI,0051121000
1000,Aug 2021,PG,PGG,PGGP0,1376,Online,7342000,2349440,VÀNG,VÀNG,TRANG SỨC NGỌC TRAI,0051121000
1000,Aug 2021,PG,PGG,PGGP0,1404,Online,6998000,2239360,VÀNG,VÀNG,TRANG SỨC NGỌC TRAI,0051121000
1000,Aug 2021,PG,PGG,PGGP0,1417,Online,3379150,1081328,VÀNG,VÀNG,TRANG SỨC NGỌC TRAI,0051121000
1000,Aug 2021,PG,PGG,PGGP0,1447,Online,3470250,1110480,VÀNG,VÀNG,TRANG SỨC NGỌC TRAI,0051121000
1000,Aug 2021,PG,PGG,PGGP0,1493,Online,0,0,VÀNG,VÀNG,TRANG SỨC NGỌC TRAI,0051121000
1000,Aug 2021,PG,PGG,PGGS0,1115,Online,4679000,935800,VÀNG,VÀNG,TRANG SỨC KHÔNG GẮN ĐÁ,0051121000
1000,Aug 2021,PG,PGG,PGGS0,1115,Retail,28471000,5694200,VÀNG,VÀNG,TRANG SỨC KHÔNG GẮN ĐÁ,0051121000
1000,Aug 2021,PG,PGG,PGGS0,1277,Retail,44099822,8819964,VÀNG,VÀNG,TRANG SỨC KHÔNG GẮN ĐÁ,0051121000
1000,Aug 2021,PG,PGG,PGGS0,1277,Retail,,-1286800,VÀNG,VÀNG,TRANG SỨC KHÔNG GẮN ĐÁ,0052131000
1000,Aug 2021,PG,PGG,PGGS0,1279,Retail,8972000,1794400,VÀNG,VÀNG,TRANG SỨC KHÔNG GẮN ĐÁ,0051121000
1000,Aug 2021,PG,PGG,PGGS0,1280,Retail,26742403,5348481,VÀNG,VÀNG,TRANG SỨC KHÔNG GẮN ĐÁ,0051121000
1000,Aug 2021,PG,PGG,PGGS0,1294,Retail,15908050,3181610,VÀNG,VÀNG,TRANG SỨC KHÔNG GẮN ĐÁ,0051121000
1000,Aug 2021,PG,PGG,PGGS0,1295,Online,0,0,VÀNG,VÀNG,TRANG SỨC KHÔNG GẮN ĐÁ,0051121000
1000,Aug 2021,PG,PGG,PGGS0,1295,Retail,13138090,2627618,VÀNG,VÀNG,TRANG SỨC KHÔNG GẮN ĐÁ,0051121000
1000,Aug 2021,PG,PGG,PGGS0,1314,Online,28904875,5780975,VÀNG,VÀNG,TRANG SỨC KHÔNG GẮN ĐÁ,0051121000
1000,Aug 2021,PG,PGG,PGGS0,1314,Retail,11582000,2316400,VÀNG,VÀNG,TRANG SỨC KHÔNG GẮN ĐÁ,0051121000
1000,Aug 2021,PG,PGG,PGGS0,1316,Online,15724000,3144800,VÀNG,VÀNG,TRANG SỨC KHÔNG GẮN ĐÁ,0051121000
1000,Aug 2021,PG,PGG,PGGS0,1316,Retail,11060000,2212000,VÀNG,VÀNG,TRANG SỨC KHÔNG GẮN ĐÁ,0051111100
1000,Aug 2021,PG,PGG,PGGS0,1316,Retail,31512000,6302400,VÀNG,VÀNG,TRANG SỨC KHÔNG GẮN ĐÁ,0051121000
1000,Aug 2021,PG,PGG,PGGS0,1318,Online,7432000,1486400,VÀNG,VÀNG,TRANG SỨC KHÔNG GẮN ĐÁ,0051121000
1000,Aug 2021,PG,PGG,PGGS0,1318,Retail,5549000,1109800,VÀNG,VÀNG,TRANG SỨC KHÔNG GẮN ĐÁ,0051121000
1000,Aug 2021,PG,PGG,PGGS0,1330,Retail,8814100,1762820,VÀNG,VÀNG,TRANG SỨC KHÔNG GẮN ĐÁ,0051121000
1000,Aug 2021,PG,PGG,PGGS0,1370,Retail,49297315,9859463,VÀNG,VÀNG,TRANG SỨC KHÔNG GẮN ĐÁ,0051121000
1000,Aug 2021,PG,PGG,PGGS0,1373,Online,4939000,987800,VÀNG,VÀNG,TRANG SỨC KHÔNG GẮN ĐÁ,0051121000
1000,Aug 2021,PG,PGG,PGGS0,1401,Online,16133000,3226600,VÀNG,VÀNG,TRANG SỨC KHÔNG GẮN ĐÁ,0051121000
1000,Aug 2021,PG,PGG,PGGS0,1401,Retail,19793463,3958693,VÀNG,VÀNG,TRANG SỨC KHÔNG GẮN ĐÁ,0051121000
1000,Aug 2021,PG,PGG,PGGS0,1404,Retail,11213000,2242600,VÀNG,VÀNG,TRANG SỨC KHÔNG GẮN ĐÁ,0051111100
1000,Aug 2021,PG,PGG,PGGS0,1404,Retail,42986050,8597210,VÀNG,VÀNG,TRANG SỨC KHÔNG GẮN ĐÁ,0051121000
1000,Aug 2021,PG,PGG,PGGS0,1417,Retail,16311450,3262290,VÀNG,VÀNG,TRANG SỨC KHÔNG GẮN ĐÁ,0051121000
1000,Aug 2021,PG,PGG,PGGS0,1445,Online,6655000,1331000,VÀNG,VÀNG,TRANG SỨC KHÔNG GẮN ĐÁ,0051121000
1000,Aug 2021,PG,PGG,PGGS0,1445,Retail,11283000,2256600,VÀNG,VÀNG,TRANG SỨC KHÔNG GẮN ĐÁ,0051111100
1000,Aug 2021,PG,PGG,PGGS0,1445,Retail,26395160,5279032,VÀNG,VÀNG,TRANG SỨC KHÔNG GẮN ĐÁ,0051121000
1000,Aug 2021,PG,PGG,PGGS0,1447,Online,47088400,9417680,VÀNG,VÀNG,TRANG SỨC KHÔNG GẮN ĐÁ,0051121000
1000,Aug 2021,PG,PGG,PGGS0,1447,Retail,8995000,1799000,VÀNG,VÀNG,TRANG SỨC KHÔNG GẮN ĐÁ,0051121000
1000,Aug 2021,PG,PGG,PGGS0,1467,Online,4929000,985800,VÀNG,VÀNG,TRANG SỨC KHÔNG GẮN ĐÁ,0051121000
1000,Aug 2021,PG,PGG,PGGS0,1467,Retail,4808000,961600,VÀNG,VÀNG,TRANG SỨC KHÔNG GẮN ĐÁ,0051121000
1000,Aug 2021,PG,PGG,PGGS0,1473,Online,4868000,973600,VÀNG,VÀNG,TRANG SỨC KHÔNG GẮN ĐÁ,0051121000
1000,Aug 2021,PG,PGG,PGGS0,1473,Retail,11518413,2303683,VÀNG,VÀNG,TRANG SỨC KHÔNG GẮN ĐÁ,0051121000
1000,Aug 2021,PG,PGG,PGGS0,1489,Online,0,0,VÀNG,VÀNG,TRANG SỨC KHÔNG GẮN ĐÁ,0051121000
1000,Aug 2021,PG,PGG,PGGS0,1489,Retail,8361750,1672350,VÀNG,VÀNG,TRANG SỨC KHÔNG GẮN ĐÁ,0051121000
1000,Aug 2021,PG,PGG,PGGS0,1493,Online,0,0,VÀNG,VÀNG,TRANG SỨC KHÔNG GẮN ĐÁ,0051121000
1000,Aug 2021,PG,PGG,PGGT0,1115,,,4286786,VÀNG,VÀNG,VÀNG ÉP SIÊU PNJ,0063290100
1000,Aug 2021,PG,PGG,PGGT0,1115,Retail,399276000,399276000,VÀNG,VÀNG,VÀNG ÉP SIÊU PNJ,0051121000
1000,Aug 2021,PG,PGG,PGGT0,1115,Retail,,-398611015,VÀNG,VÀNG,VÀNG ÉP SIÊU PNJ,0063210200
1000,Aug 2021,PG,PGG,PGGT0,1277,,,1056346,VÀNG,VÀNG,VÀNG ÉP SIÊU PNJ,0063290100
1000,Aug 2021,PG,PGG,PGGT0,1277,Online,38660000,38660000,VÀNG,VÀNG,VÀNG ÉP SIÊU PNJ,0051121000
1000,Aug 2021,PG,PGG,PGGT0,1277,Online,,-38347438,VÀNG,VÀNG,VÀNG ÉP SIÊU PNJ,0063210200
1000,Aug 2021,PG,PGG,PGGT0,1277,Retail,384714000,384714000,VÀNG,VÀNG,VÀNG ÉP SIÊU PNJ,0051121000
1000,Aug 2021,PG,PGG,PGGT0,1277,Retail,,-383441948,VÀNG,VÀNG,VÀNG ÉP SIÊU PNJ,0063210200
1000,Aug 2021,PG,PGG,PGGT0,1294,,,7019917,VÀNG,VÀNG,VÀNG ÉP SIÊU PNJ,0063290100
1000,Aug 2021,PG,PGG,PGGT0,1294,Retail,373141000,373141000,VÀNG,VÀNG,VÀNG ÉP SIÊU PNJ,0051121000
1000,Aug 2021,PG,PGG,PGGT0,1294,Retail,,-376571451,VÀNG,VÀNG,VÀNG ÉP SIÊU PNJ,0063210200
1000,Aug 2021,PG,PGG,PGGT0,1295,,,131929,VÀNG,VÀNG,VÀNG ÉP SIÊU PNJ,0063290100
1000,Aug 2021,PG,PGG,PGGT0,1295,Retail,23100000,23100000,VÀNG,VÀNG,VÀNG ÉP SIÊU PNJ,0051121000
1000,Aug 2021,PG,PGG,PGGT0,1295,Retail,,-23255686,VÀNG,VÀNG,VÀNG ÉP SIÊU PNJ,0063210200
1000,Aug 2021,PG,PGG,PGGT0,1314,,,2194029,VÀNG,VÀNG,VÀNG ÉP SIÊU PNJ,0063290100
1000,Aug 2021,PG,PGG,PGGT0,1314,Retail,248279000,248279000,VÀNG,VÀNG,VÀNG ÉP SIÊU PNJ,0051121000
1000,Aug 2021,PG,PGG,PGGT0,1314,Retail,,-248339655,VÀNG,VÀNG,VÀNG ÉP SIÊU PNJ,0063210200
1000,Aug 2021,PG,PGG,PGGT0,1316,,,5020374,VÀNG,VÀNG,VÀNG ÉP SIÊU PNJ,0063290100
1000,Aug 2021,PG,PGG,PGGT0,1316,Retail,267028000,267028000,VÀNG,VÀNG,VÀNG ÉP SIÊU PNJ,0051121000
1000,Aug 2021,PG,PGG,PGGT0,1316,Retail,,-266539389,VÀNG,VÀNG,VÀNG ÉP SIÊU PNJ,0063210200
1000,Aug 2021,PG,PGG,PGGT0,1318,,,421078,VÀNG,VÀNG,VÀNG ÉP SIÊU PNJ,0063290100
1000,Aug 2021,PG,PGG,PGGT0,1318,Retail,29603000,29603000,VÀNG,VÀNG,VÀNG ÉP SIÊU PNJ,0051121000
1000,Aug 2021,PG,PGG,PGGT0,1318,Retail,,-28350001,VÀNG,VÀNG,VÀNG ÉP SIÊU PNJ,0063210200
1000,Aug 2021,PG,PGG,PGGT0,1330,,,4,VÀNG,VÀNG,VÀNG ÉP SIÊU PNJ,0063290100
1000,Aug 2021,PG,PGG,PGGT0,1330,Retail,59130000,59130000,VÀNG,VÀNG,VÀNG ÉP SIÊU PNJ,0051121000
1000,Aug 2021,PG,PGG,PGGT0,1330,Retail,,-51642880,VÀNG,VÀNG,VÀNG ÉP SIÊU PNJ,0063210200
1000,Aug 2021,PG,PGG,PGGT0,1370,,,3474674,VÀNG,VÀNG,VÀNG ÉP SIÊU PNJ,0063290100
1000,Aug 2021,PG,PGG,PGGT0,1370,Retail,804818000,804818000,VÀNG,VÀNG,VÀNG ÉP SIÊU PNJ,0051121000
1000,Aug 2021,PG,PGG,PGGT0,1370,Retail,,-795490414,VÀNG,VÀNG,VÀNG ÉP SIÊU PNJ,0063210200
1000,Aug 2021,PG,PGG,PGGT0,1376,,,31712,VÀNG,VÀNG,VÀNG ÉP SIÊU PNJ,0063290100
1000,Aug 2021,PG,PGG,PGGT0,1376,Retail,72245000,72245000,VÀNG,VÀNG,VÀNG ÉP SIÊU PNJ,0051121000
1000,Aug 2021,PG,PGG,PGGT0,1376,Retail,,-71291175,VÀNG,VÀNG,VÀNG ÉP SIÊU PNJ,0063210200
1000,Aug 2021,PG,PGG,PGGT0,1401,,,-4392169,VÀNG,VÀNG,VÀNG ÉP SIÊU PNJ,0063290100
1000,Aug 2021,PG,PGG,PGGT0,1401,Retail,245104000,245104000,VÀNG,VÀNG,VÀNG ÉP SIÊU PNJ,0051121000
1000,Aug 2021,PG,PGG,PGGT0,1401,Retail,,-243207266,VÀNG,VÀNG,VÀNG ÉP SIÊU PNJ,0063210200
1000,Aug 2021,PG,PGG,PGGT0,1402,,,140084,VÀNG,VÀNG,VÀNG ÉP SIÊU PNJ,0063290100
1000,Aug 2021,PG,PGG,PGGT0,1402,Retail,33860000,33860000,VÀNG,VÀNG,VÀNG ÉP SIÊU PNJ,0051121000
1000,Aug 2021,PG,PGG,PGGT0,1402,Retail,,-33668788,VÀNG,VÀNG,VÀNG ÉP SIÊU PNJ,0063210200
1000,Aug 2021,PG,PGG,PGGT0,1404,,,21752045,VÀNG,VÀNG,VÀNG ÉP SIÊU PNJ,0063290100
1000,Aug 2021,PG,PGG,PGGT0,1404,Retail,1454835769,1454835769,VÀNG,VÀNG,VÀNG ÉP SIÊU PNJ,0051121000
1000,Aug 2021,PG,PGG,PGGT0,1404,Retail,,-1462414218,VÀNG,VÀNG,VÀNG ÉP SIÊU PNJ,0063210200
1000,Aug 2021,PG,PGG,PGGT0,1417,,,47339,VÀNG,VÀNG,VÀNG ÉP SIÊU PNJ,0063290100
1000,Aug 2021,PG,PGG,PGGT0,1417,Retail,29140000,29140000,VÀNG,VÀNG,VÀNG ÉP SIÊU PNJ,0051121000
1000,Aug 2021,PG,PGG,PGGT0,1417,Retail,,-28372635,VÀNG,VÀNG,VÀNG ÉP SIÊU PNJ,0063210200
1000,Aug 2021,PG,PGG,PGGT0,1445,,,1123260,VÀNG,VÀNG,VÀNG ÉP SIÊU PNJ,0063290100
1000,Aug 2021,PG,PGG,PGGT0,1445,Retail,318599000,318599000,VÀNG,VÀNG,VÀNG ÉP SIÊU PNJ,0051121000
1000,Aug 2021,PG,PGG,PGGT0,1445,Retail,,-317319667,VÀNG,VÀNG,VÀNG ÉP SIÊU PNJ,0063210200
1000,Aug 2021,PG,PGG,PGGT0,1473,,,-50368,VÀNG,VÀNG,VÀNG ÉP SIÊU PNJ,0063290100
1000,Aug 2021,PG,PGG,PGGT0,1473,Retail,132908000,132908000,VÀNG,VÀNG,VÀNG ÉP SIÊU PNJ,0051121000
1000,Aug 2021,PG,PGG,PGGT0,1473,Retail,,-130525466,VÀNG,VÀNG,VÀNG ÉP SIÊU PNJ,0063210200
1000,Aug 2021,PG,PGG,PGGT0,1489,Retail,5490000,5490000,VÀNG,VÀNG,VÀNG ÉP SIÊU PNJ,0051121000
1000,Aug 2021,PG,PGG,PGGT0,1489,Retail,,-5189286,VÀNG,VÀNG,VÀNG ÉP SIÊU PNJ,0063210200
1000,Aug 2021,PG,PGG,PGGT0,1493,,,-1366965,VÀNG,VÀNG,VÀNG ÉP SIÊU PNJ,0063290100
1000,Aug 2021,PG,PGG,PGGT0,1493,Retail,5145000,5145000,VÀNG,VÀNG,VÀNG ÉP SIÊU PNJ,0051121000
1000,Aug 2021,PG,PGG,PGGT0,1493,Retail,,-3640550,VÀNG,VÀNG,VÀNG ÉP SIÊU PNJ,0063210200
1000,Aug 2021,PG,PGG,PGGV0,1115,Retail,55401000,14958270,VÀNG,VÀNG,TRANG SỨC VỎ,0051111100
1000,Aug 2021,PG,PGG,PGGV0,1115,Retail,429861060,116062486,VÀNG,VÀNG,TRANG SỨC VỎ,0051121000
1000,Aug 2021,PG,PGG,PGGV0,1277,Retail,18152000,4901040,VÀNG,VÀNG,TRANG SỨC VỎ,0051121000
1000,Aug 2021,PG,PGG,PGGV0,1294,Retail,91015000,24574050,VÀNG,VÀNG,TRANG SỨC VỎ,0051111100
1000,Aug 2021,PG,PGG,PGGV0,1294,Retail,45787000,12362490,VÀNG,VÀNG,TRANG SỨC VỎ,0051121000
1000,Aug 2021,PG,PGG,PGGV0,1295,Retail,48171000,13006170,VÀNG,VÀNG,TRANG SỨC VỎ,0051121000
1000,Aug 2021,PG,PGG,PGGV0,1314,Online,20858180,5631709,VÀNG,VÀNG,TRANG SỨC VỎ,0051111100
1000,Aug 2021,PG,PGG,PGGV0,1314,Online,31916144,8617359,VÀNG,VÀNG,TRANG SỨC VỎ,0051121000
1000,Aug 2021,PG,PGG,PGGV0,1314,Retail,38322750,10347143,VÀNG,VÀNG,TRANG SỨC VỎ,0051121000
1000,Aug 2021,PG,PGG,PGGV0,1316,Retail,79607600,21494052,VÀNG,VÀNG,TRANG SỨC VỎ,0051111100
1000,Aug 2021,PG,PGG,PGGV0,1316,Retail,324895160,87721693,VÀNG,VÀNG,TRANG SỨC VỎ,0051121000
1000,Aug 2021,PG,PGG,PGGV0,1330,Retail,66548010,17967963,VÀNG,VÀNG,TRANG SỨC VỎ,0051121000
1000,Aug 2021,PG,PGG,PGGV0,1370,Retail,51997350,14039285,VÀNG,VÀNG,TRANG SỨC VỎ,0051121000
1000,Aug 2021,PG,PGG,PGGV0,1376,Retail,52155000,14081850,VÀNG,VÀNG,TRANG SỨC VỎ,0051111100
1000,Aug 2021,PG,PGG,PGGV0,1401,Retail,39988950,10797017,VÀNG,VÀNG,TRANG SỨC VỎ,0051121000
1000,Aug 2021,PG,PGG,PGGV0,1404,Retail,78027000,21067290,VÀNG,VÀNG,TRANG SỨC VỎ,0051111100
1000,Aug 2021,PG,PGG,PGGV0,1404,Retail,115401000,31158270,VÀNG,VÀNG,TRANG SỨC VỎ,0051121000
1000,Aug 2021,PG,PGG,PGGV0,1445,Retail,37043330,10001699,VÀNG,VÀNG,TRANG SỨC VỎ,0051121000
1000,Aug 2021,PG,PGG,PGGV0,1467,Retail,25238360,6814357,VÀNG,VÀNG,TRANG SỨC VỎ,0051121000
1000,Aug 2021,PG,PGG,PGGV0,1489,Online,44640000,12052800,VÀNG,VÀNG,TRANG SỨC VỎ,0051111100
1000,Aug 2021,PG,PGG,PGGY0,1115,Online,6042320,1510580,VÀNG,VÀNG,TRANG SỨC Ý,0051121000
1000,Aug 2021,PG,PGG,PGGY0,1115,Retail,7004000,1751000,VÀNG,VÀNG,TRANG SỨC Ý,0051111100
1000,Aug 2021,PG,PGG,PGGY0,1115,Retail,29387210,7346803,VÀNG,VÀNG,TRANG SỨC Ý,0051121000
1000,Aug 2021,PG,PGG,PGGY0,1255,Retail,1956000,489000,VÀNG,VÀNG,TRANG SỨC Ý,0051111100
1000,Aug 2021,PG,PGG,PGGY0,1277,Online,0,0,VÀNG,VÀNG,TRANG SỨC Ý,0051121000
1000,Aug 2021,PG,PGG,PGGY0,1277,Retail,11082900,2770725,VÀNG,VÀNG,TRANG SỨC Ý,0051121000
1000,Aug 2021,PG,PGG,PGGY0,1278,Retail,27695460,6923865,VÀNG,VÀNG,TRANG SỨC Ý,0051121000
1000,Aug 2021,PG,PGG,PGGY0,1279,Retail,11543744,2885936,VÀNG,VÀNG,TRANG SỨC Ý,0051121000
1000,Aug 2021,PG,PGG,PGGY0,1280,Online,6374540,1593635,VÀNG,VÀNG,TRANG SỨC Ý,0051121000
1000,Aug 2021,PG,PGG,PGGY0,1280,Retail,45027760,11256940,VÀNG,VÀNG,TRANG SỨC Ý,0051121000
1000,Aug 2021,PG,PGG,PGGY0,1294,Online,11101440,2775360,VÀNG,VÀNG,TRANG SỨC Ý,0051121000
1000,Aug 2021,PG,PGG,PGGY0,1294,Online,,-438500,VÀNG,VÀNG,TRANG SỨC Ý,0052131000
1000,Aug 2021,PG,PGG,PGGY0,1294,Retail,31471950,7867988,VÀNG,VÀNG,TRANG SỨC Ý,0051121000
1000,Aug 2021,PG,PGG,PGGY0,1294,Retail,,-610709,VÀNG,VÀNG,TRANG SỨC Ý,0052131000
1000,Aug 2021,PG,PGG,PGGY0,1295,Retail,27746864,6936716,VÀNG,VÀNG,TRANG SỨC Ý,0051121000
1000,Aug 2021,PG,PGG,PGGY0,1314,Online,16477598,4119400,VÀNG,VÀNG,TRANG SỨC Ý,0051121000
1000,Aug 2021,PG,PGG,PGGY0,1314,Online,,-268750,VÀNG,VÀNG,TRANG SỨC Ý,0052131000
1000,Aug 2021,PG,PGG,PGGY0,1314,Retail,2083040,520760,VÀNG,VÀNG,TRANG SỨC Ý,0051111100
1000,Aug 2021,PG,PGG,PGGY0,1314,Retail,82674350,20668588,VÀNG,VÀNG,TRANG SỨC Ý,0051121000
1000,Aug 2021,PG,PGG,PGGY0,1316,Online,3370600,842650,VÀNG,VÀNG,TRANG SỨC Ý,0051121000
1000,Aug 2021,PG,PGG,PGGY0,1316,Online,,-269500,VÀNG,VÀNG,TRANG SỨC Ý,0052131000
1000,Aug 2021,PG,PGG,PGGY0,1316,Retail,14274706,3568677,VÀNG,VÀNG,TRANG SỨC Ý,0051121000
1000,Aug 2021,PG,PGG,PGGY0,1318,Online,1955000,488750,VÀNG,VÀNG,TRANG SỨC Ý,0051121000
1000,Aug 2021,PG,PGG,PGGY0,1318,Retail,25864036,6466009,VÀNG,VÀNG,TRANG SỨC Ý,0051121000
1000,Aug 2021,PG,PGG,PGGY0,1330,Retail,12892950,3223238,VÀNG,VÀNG,TRANG SỨC Ý,0051121000
1000,Aug 2021,PG,PGG,PGGY0,1370,Online,3404000,851000,VÀNG,VÀNG,TRANG SỨC Ý,0051121000
1000,Aug 2021,PG,PGG,PGGY0,1370,Retail,35836100,8959025,VÀNG,VÀNG,TRANG SỨC Ý,0051121000
1000,Aug 2021,PG,PGG,PGGY0,1373,Online,4446950,1111738,VÀNG,VÀNG,TRANG SỨC Ý,0051121000
1000,Aug 2021,PG,PGG,PGGY0,1376,Online,1811000,452750,VÀNG,VÀNG,TRANG SỨC Ý,0051121000
1000,Aug 2021,PG,PGG,PGGY0,1376,Retail,27365510,6841378,VÀNG,VÀNG,TRANG SỨC Ý,0051121000
1000,Aug 2021,PG,PGG,PGGY0,1401,Online,9120751,2280188,VÀNG,VÀNG,TRANG SỨC Ý,0051121000
1000,Aug 2021,PG,PGG,PGGY0,1401,Retail,72672997,18168249,VÀNG,VÀNG,TRANG SỨC Ý,0051121000
1000,Aug 2021,PG,PGG,PGGY0,1401,Retail,,-1262313,VÀNG,VÀNG,TRANG SỨC Ý,0052131000
1000,Aug 2021,PG,PGG,PGGY0,1402,Retail,25012051,6253013,VÀNG,VÀNG,TRANG SỨC Ý,0051121000
1000,Aug 2021,PG,PGG,PGGY0,1404,Online,3343987,835997,VÀNG,VÀNG,TRANG SỨC Ý,0051121000
1000,Aug 2021,PG,PGG,PGGY0,1404,Retail,30907550,7726888,VÀNG,VÀNG,TRANG SỨC Ý,0051121000
1000,Aug 2021,PG,PGG,PGGY0,1417,Online,3298500,824625,VÀNG,VÀNG,TRANG SỨC Ý,0051111100
1000,Aug 2021,PG,PGG,PGGY0,1417,Online,3804800,951200,VÀNG,VÀNG,TRANG SỨC Ý,0051121000
1000,Aug 2021,PG,PGG,PGGY0,1417,Retail,31623419,7905855,VÀNG,VÀNG,TRANG SỨC Ý,0051121000
1000,Aug 2021,PG,PGG,PGGY0,1445,Online,7973208,1993302,VÀNG,VÀNG,TRANG SỨC Ý,0051121000
1000,Aug 2021,PG,PGG,PGGY0,1445,Retail,93072236,23268059,VÀNG,VÀNG,TRANG SỨC Ý,0051121000
1000,Aug 2021,PG,PGG,PGGY0,1447,Online,4388480,1097120,VÀNG,VÀNG,TRANG SỨC Ý,0051121000
1000,Aug 2021,PG,PGG,PGGY0,1467,Online,20786415,5196604,VÀNG,VÀNG,TRANG SỨC Ý,0051121000
1000,Aug 2021,PG,PGG,PGGY0,1467,Online,,-605250,VÀNG,VÀNG,TRANG SỨC Ý,0052131000
1000,Aug 2021,PG,PGG,PGGY0,1467,Retail,45087818,11271955,VÀNG,VÀNG,TRANG SỨC Ý,0051121000
1000,Aug 2021,PG,PGG,PGGY0,1473,Online,1698000,424500,VÀNG,VÀNG,TRANG SỨC Ý,0051121000
1000,Aug 2021,PG,PGG,PGGY0,1473,Retail,5771000,1442750,VÀNG,VÀNG,TRANG SỨC Ý,0051121000
1000,Aug 2021,PG,PGG,PGGY0,1489,Online,,-655750,VÀNG,VÀNG,TRANG SỨC Ý,0052131000
1000,Aug 2021,PG,PGG,PGGY0,1489,Retail,16651140,4162785,VÀNG,VÀNG,TRANG SỨC Ý,0051121000
1000,Aug 2021,PG,PGG,PGGY0,1493,Online,0,0,VÀNG,VÀNG,TRANG SỨC Ý,0051121000
1000,Aug 2021,PG,PGG,PGGY0,1493,Retail,2911000,727750,VÀNG,VÀNG,TRANG SỨC Ý,0051121000
1000,Aug 2021,PG,PGG,PGGY1,1115,Online,5961480,1490370,VÀNG,VÀNG,TRANG SỨC Ý CẤP 1,0051111100
1000,Aug 2021,PG,PGG,PGGY1,1115,Online,8861000,2215250,VÀNG,VÀNG,TRANG SỨC Ý CẤP 1,0051121000
1000,Aug 2021,PG,PGG,PGGY1,1115,Retail,44814200,11203550,VÀNG,VÀNG,TRANG SỨC Ý CẤP 1,0051121000
1000,Aug 2021,PG,PGG,PGGY1,1277,Retail,43714500,10928625,VÀNG,VÀNG,TRANG SỨC Ý CẤP 1,0051121000
1000,Aug 2021,PG,PGG,PGGY1,1278,Retail,15559000,3889750,VÀNG,VÀNG,TRANG SỨC Ý CẤP 1,0051121000
1000,Aug 2021,PG,PGG,PGGY1,1279,Online,0,0,VÀNG,VÀNG,TRANG SỨC Ý CẤP 1,0051121000
1000,Aug 2021,PG,PGG,PGGY1,1279,Retail,26753900,6688475,VÀNG,VÀNG,TRANG SỨC Ý CẤP 1,0051121000
1000,Aug 2021,PG,PGG,PGGY1,1280,Online,5628000,1407000,VÀNG,VÀNG,TRANG SỨC Ý CẤP 1,0051121000
1000,Aug 2021,PG,PGG,PGGY1,1280,Retail,24663865,6165966,VÀNG,VÀNG,TRANG SỨC Ý CẤP 1,0051121000
1000,Aug 2021,PG,PGG,PGGY1,1294,Online,6627150,1656788,VÀNG,VÀNG,TRANG SỨC Ý CẤP 1,0051121000
1000,Aug 2021,PG,PGG,PGGY1,1294,Retail,41081560,10270390,VÀNG,VÀNG,TRANG SỨC Ý CẤP 1,0051121000
1000,Aug 2021,PG,PGG,PGGY1,1294,Retail,,-617542,VÀNG,VÀNG,TRANG SỨC Ý CẤP 1,0052131000
1000,Aug 2021,PG,PGG,PGGY1,1295,Retail,51900966,12975242,VÀNG,VÀNG,TRANG SỨC Ý CẤP 1,0051121000
1000,Aug 2021,PG,PGG,PGGY1,1314,Online,34561082,8640271,VÀNG,VÀNG,TRANG SỨC Ý CẤP 1,0051121000
1000,Aug 2021,PG,PGG,PGGY1,1314,Retail,17218470,4304618,VÀNG,VÀNG,TRANG SỨC Ý CẤP 1,0051111100
1000,Aug 2021,PG,PGG,PGGY1,1314,Retail,147570050,36892513,VÀNG,VÀNG,TRANG SỨC Ý CẤP 1,0051121000
1000,Aug 2021,PG,PGG,PGGY1,1316,Online,7629980,1907495,VÀNG,VÀNG,TRANG SỨC Ý CẤP 1,0051111100
1000,Aug 2021,PG,PGG,PGGY1,1316,Retail,27794100,6948525,VÀNG,VÀNG,TRANG SỨC Ý CẤP 1,0051121000
1000,Aug 2021,PG,PGG,PGGY1,1316,Retail,,-690750,VÀNG,VÀNG,TRANG SỨC Ý CẤP 1,0052131000
1000,Aug 2021,PG,PGG,PGGY1,1318,Retail,58548494,14637124,VÀNG,VÀNG,TRANG SỨC Ý CẤP 1,0051121000
1000,Aug 2021,PG,PGG,PGGY1,1330,Retail,43768850,10942213,VÀNG,VÀNG,TRANG SỨC Ý CẤP 1,0051121000
1000,Aug 2021,PG,PGG,PGGY1,1330,Retail,,-4087613,VÀNG,VÀNG,TRANG SỨC Ý CẤP 1,0052131000
1000,Aug 2021,PG,PGG,PGGY1,1370,Retail,59844090,14961023,VÀNG,VÀNG,TRANG SỨC Ý CẤP 1,0051121000
1000,Aug 2021,PG,PGG,PGGY1,1373,Online,26980240,6745060,VÀNG,VÀNG,TRANG SỨC Ý CẤP 1,0051121000
1000,Aug 2021,PG,PGG,PGGY1,1376,Online,7387018,1846755,VÀNG,VÀNG,TRANG SỨC Ý CẤP 1,0051121000
1000,Aug 2021,PG,PGG,PGGY1,1376,Retail,56070580,14017645,VÀNG,VÀNG,TRANG SỨC Ý CẤP 1,0051121000
1000,Aug 2021,PG,PGG,PGGY1,1401,Online,6645039,1661260,VÀNG,VÀNG,TRANG SỨC Ý CẤP 1,0051121000
1000,Aug 2021,PG,PGG,PGGY1,1401,Retail,197347050,49336763,VÀNG,VÀNG,TRANG SỨC Ý CẤP 1,0051121000
1000,Aug 2021,PG,PGG,PGGY1,1402,Online,5260000,1315000,VÀNG,VÀNG,TRANG SỨC Ý CẤP 1,0051121000
1000,Aug 2021,PG,PGG,PGGY1,1402,Retail,7314140,1828535,VÀNG,VÀNG,TRANG SỨC Ý CẤP 1,0051111100
1000,Aug 2021,PG,PGG,PGGY1,1402,Retail,18988000,4747000,VÀNG,VÀNG,TRANG SỨC Ý CẤP 1,0051121000
1000,Aug 2021,PG,PGG,PGGY1,1404,Retail,58845720,14711430,VÀNG,VÀNG,TRANG SỨC Ý CẤP 1,0051121000
1000,Aug 2021,PG,PGG,PGGY1,1417,Online,15613200,3903300,VÀNG,VÀNG,TRANG SỨC Ý CẤP 1,0051121000
1000,Aug 2021,PG,PGG,PGGY1,1417,Retail,53233560,13308390,VÀNG,VÀNG,TRANG SỨC Ý CẤP 1,0051121000
1000,Aug 2021,PG,PGG,PGGY1,1445,Retail,93601850,23400463,VÀNG,VÀNG,TRANG SỨC Ý CẤP 1,0051121000
1000,Aug 2021,PG,PGG,PGGY1,1445,Retail,,-497750,VÀNG,VÀNG,TRANG SỨC Ý CẤP 1,0052131000
1000,Aug 2021,PG,PGG,PGGY1,1467,Online,19622688,4905672,VÀNG,VÀNG,TRANG SỨC Ý CẤP 1,0051121000
1000,Aug 2021,PG,PGG,PGGY1,1467,Retail,45429210,11357303,VÀNG,VÀNG,TRANG SỨC Ý CẤP 1,0051121000
1000,Aug 2021,PG,PGG,PGGY1,1473,Online,0,0,VÀNG,VÀNG,TRANG SỨC Ý CẤP 1,0051111100
1000,Aug 2021,PG,PGG,PGGY1,1473,Online,9196200,2299050,VÀNG,VÀNG,TRANG SỨC Ý CẤP 1,0051121000
1000,Aug 2021,PG,PGG,PGGY1,1473,Retail,13340850,3335213,VÀNG,VÀNG,TRANG SỨC Ý CẤP 1,0051121000
1000,Aug 2021,PG,PGG,PGGY1,1489,Online,0,0,VÀNG,VÀNG,TRANG SỨC Ý CẤP 1,0051121000
1000,Aug 2021,PG,PGG,PGGY1,1489,Retail,11655980,2913995,VÀNG,VÀNG,TRANG SỨC Ý CẤP 1,0051121000
1000,Aug 2021,PG,PGG,PGGY1,1493,Online,8514762,2128691,VÀNG,VÀNG,TRANG SỨC Ý CẤP 1,0051121000
1000,Aug 2021,PG,PGG,PGGY1,1493,Retail,25001000,6250250,VÀNG,VÀNG,TRANG SỨC Ý CẤP 1,0051121000
1000,Aug 2021,PG,PGG,PGGY2,1115,Retail,6653800,1663450,VÀNG,VÀNG,TRANG SỨC Ý CẤP 2,0051111100
1000,Aug 2021,PG,PGG,PGGY2,1115,Retail,,-1663450,VÀNG,VÀNG,TRANG SỨC Ý CẤP 2,0052131100
1000,Aug 2021,PG,PGG,PGGY2,1277,Online,0,0,VÀNG,VÀNG,TRANG SỨC Ý CẤP 2,0051111100
1000,Aug 2021,PG,PGG,PGGY2,1277,Retail,,-1178000,VÀNG,VÀNG,TRANG SỨC Ý CẤP 2,0052131000
1000,Aug 2021,PG,PGG,PGGY2,1279,Retail,5490000,1372500,VÀNG,VÀNG,TRANG SỨC Ý CẤP 2,0051111100
1000,Aug 2021,PG,PGG,PGGY2,1280,Retail,14676440,3669110,VÀNG,VÀNG,TRANG SỨC Ý CẤP 2,0051111100
1000,Aug 2021,PG,PGG,PGGY2,1295,Retail,5002000,1250500,VÀNG,VÀNG,TRANG SỨC Ý CẤP 2,0051121000
1000,Aug 2021,PG,PGG,PGGY2,1329,Online,0,0,VÀNG,VÀNG,TRANG SỨC Ý CẤP 2,0051111100
1000,Aug 2021,PG,PGG,PGGY2,1329,Retail,8053920,2013480,VÀNG,VÀNG,TRANG SỨC Ý CẤP 2,0051111100
1000,Aug 2021,PG,PGG,PGGY2,1330,Retail,5690500,1422625,VÀNG,VÀNG,TRANG SỨC Ý CẤP 2,0051111100
1000,Aug 2021,PG,PGG,PGGY2,1401,Retail,28015500,7003875,VÀNG,VÀNG,TRANG SỨC Ý CẤP 2,0051111100
1000,Aug 2021,PG,PGG,PGGY2,1402,Retail,8568000,2142000,VÀNG,VÀNG,TRANG SỨC Ý CẤP 2,0051111100
1000,Aug 2021,PG,PGG,PGGY2,1404,Retail,5630600,1407650,VÀNG,VÀNG,TRANG SỨC Ý CẤP 2,0051111100
1000,Aug 2021,PG,PGG,PGGY2,1493,Retail,4712000,1178000,VÀNG,VÀNG,TRANG SỨC Ý CẤP 2,0051121000
1000,Aug 2021,PG,PGP,PGPB0,1115,Online,5453000,1635900,VÀNG,PIC,TRANG SỨC ECZ,0051121000
1000,Aug 2021,PG,PGP,PGPB0,1115,Retail,17427640,5228292,VÀNG,PIC,TRANG SỨC ECZ,0051121000
1000,Aug 2021,PG,PGP,PGPB0,1277,Retail,3968000,1190400,VÀNG,PIC,TRANG SỨC ECZ,0051121000
1000,Aug 2021,PG,PGP,PGPB0,1316,Online,11430000,3429000,VÀNG,PIC,TRANG SỨC ECZ,0051111100
1000,Aug 2021,PG,PGP,PGPB0,1316,Retail,9260000,2778000,VÀNG,PIC,TRANG SỨC ECZ,0051111100
1000,Aug 2021,PG,PGP,PGPB0,1330,Retail,4430000,1329000,VÀNG,PIC,TRANG SỨC ECZ,0051121000
1000,Aug 2021,PG,PGP,PGPB0,1373,Online,11214000,3364200,VÀNG,PIC,TRANG SỨC ECZ,0051121000
1000,Aug 2021,PG,PGP,PGPB0,1376,Online,15121800,4536540,VÀNG,PIC,TRANG SỨC ECZ,0051111100
1000,Aug 2021,PG,PGP,PGPB0,1401,Retail,5631000,1689300,VÀNG,PIC,TRANG SỨC ECZ,0051121000
1000,Aug 2021,PG,PGP,PGPC0,1115,Online,12789270,6394635,VÀNG,PIC,TRANG SỨC ĐÁ MÀU,0051121000
1000,Aug 2021,PG,PGP,PGPC0,1316,Online,6808650,3404325,VÀNG,PIC,TRANG SỨC ĐÁ MÀU,0051121000
1000,Aug 2021,PG,PGP,PGPC0,1316,Retail,10549920,5274960,VÀNG,PIC,TRANG SỨC ĐÁ MÀU,0051121000
1000,Aug 2021,PG,PGP,PGPC0,1445,Retail,13219000,6609500,VÀNG,PIC,TRANG SỨC ĐÁ MÀU,0051121000
1000,Aug 2021,PG,PGP,PGPKC,1115,Retail,26788000,8036400,VÀNG,PIC,TRANG SỨC KIM CƯƠNG,0051121000
1000,Aug 2021,PG,PGP,PGPKC,1277,Online,8375000,2512500,VÀNG,PIC,TRANG SỨC KIM CƯƠNG,0051121000
1000,Aug 2021,PG,PGP,PGPS0,1447,Online,3286050,821513,VÀNG,PIC,TRANG SỨC KHÔNG GẮN ĐÁ,0051121000
1000,Aug 2021,PG,PGY,PGYB0,1295,Online,3762000,940500,VÀNG,STYLE,TRANG SỨC ECZ,0051121000
1000,Aug 2021,PP,PPG,PPGD0,1294,Retail,3590000,1148800,PLATINUM,VÀNG,TRANG SỨC DÂY CHUYỀN,0051111100
1000,Aug 2021,PP,PPG,PPGD0,1402,Retail,3482300,1114336,PLATINUM,VÀNG,TRANG SỨC DÂY CHUYỀN,0051111100
1000,Aug 2021,PP,PPG,PPGD0,1447,Retail,3890000,1244800,PLATINUM,VÀNG,TRANG SỨC DÂY CHUYỀN,0051111100
1000,Aug 2021,PP,PPG,PPGD0,1467,Online,0,0,PLATINUM,VÀNG,TRANG SỨC DÂY CHUYỀN,0051111100
1000,Aug 2021,PP,PPG,PPGD0,1473,Retail,4990000,1596800,PLATINUM,VÀNG,TRANG SỨC DÂY CHUYỀN,0051111100
1000,Aug 2021,PP,PPG,PPGKC,1115,Retail,55654910,17809571,PLATINUM,VÀNG,TRANG SỨC KIM CƯƠNG,0051121000
1000,Aug 2021,PP,PPG,PPGKC,1317,Retail,48357850,15474512,PLATINUM,VÀNG,TRANG SỨC KIM CƯƠNG,0051121000
1000,Aug 2021,PP,PPG,PPGKC,1329,Online,11968000,3829760,PLATINUM,VÀNG,TRANG SỨC KIM CƯƠNG,0051121000
1000,Aug 2021,PP,PPG,PPGKC,1402,Online,,-5575680,PLATINUM,VÀNG,TRANG SỨC KIM CƯƠNG,0052131000
1000,Aug 2021,PP,PPG,PPGKC,1402,Retail,42776506,13688482,PLATINUM,VÀNG,TRANG SỨC KIM CƯƠNG,0051121000
1000,Aug 2021,PP,PPG,PPGKC,1404,Online,,-3798080,PLATINUM,VÀNG,TRANG SỨC KIM CƯƠNG,0052131000
1000,Aug 2021,PP,PPG,PPGKC,1404,Retail,15826520,5064486,PLATINUM,VÀNG,TRANG SỨC KIM CƯƠNG,0051121000
1000,Aug 2021,PP,PPG,PPGKC,1445,Retail,10203000,3264960,PLATINUM,VÀNG,TRANG SỨC KIM CƯƠNG,0051121000
1000,Aug 2021,PP,PPG,PPGV0,1294,Retail,29726000,9512320,PLATINUM,VÀNG,TRANG SỨC VỎ,0051121000
1000,Aug 2021,PP,PPG,PPGV0,1314,Retail,20957600,6706432,PLATINUM,VÀNG,TRANG SỨC VỎ,0051121000
1000,Aug 2021,PS,PSA,PSAA0,1115,Retail,805500,362475,BẠC,PNJ MEN,TRANG SỨC CZ,0051111100
1000,Aug 2021,PS,PSA,PSAA0,1115,Retail,480000,216000,BẠC,PNJ MEN,TRANG SỨC CZ,0051121000
1000,Aug 2021,PS,PSA,PSAA0,1278,Online,162000,72900,BẠC,PNJ MEN,TRANG SỨC CZ,0051121000
1000,Aug 2021,PS,PSA,PSAA0,1278,Retail,1996000,898200,BẠC,PNJ MEN,TRANG SỨC CZ,0051121000
1000,Aug 2021,PS,PSA,PSAA0,1295,Online,227000,102150,BẠC,PNJ MEN,TRANG SỨC CZ,0051121000
1000,Aug 2021,PS,PSA,PSAA0,1314,Retail,1100000,495000,BẠC,PNJ MEN,TRANG SỨC CZ,0051121000
1000,Aug 2021,PS,PSA,PSAA0,1316,Retail,395000,177750,BẠC,PNJ MEN,TRANG SỨC CZ,0051121000
1000,Aug 2021,PS,PSA,PSAA0,1370,Online,645000,290250,BẠC,PNJ MEN,TRANG SỨC CZ,0051121000
1000,Aug 2021,PS,PSA,PSAA0,1373,Online,764125,343856,BẠC,PNJ MEN,TRANG SỨC CZ,0051121000
1000,Aug 2021,PS,PSA,PSAA0,1404,Retail,695000,312750,BẠC,PNJ MEN,TRANG SỨC CZ,0051121000
1000,Aug 2021,PS,PSA,PSAA0,1417,Retail,277000,124650,BẠC,PNJ MEN,TRANG SỨC CZ,0051121000
1000,Aug 2021,PS,PSA,PSAA0,1445,Online,1138000,512100,BẠC,PNJ MEN,TRANG SỨC CZ,0051121000
1000,Aug 2021,PS,PSA,PSAA0,1445,Retail,277000,124650,BẠC,PNJ MEN,TRANG SỨC CZ,0051121000
1000,Aug 2021,PS,PSA,PSAA0,1447,Online,675750,304088,BẠC,PNJ MEN,TRANG SỨC CZ,0051111100
1000,Aug 2021,PS,PSA,PSAA0,1447,Online,780000,351000,BẠC,PNJ MEN,TRANG SỨC CZ,0051121000
1000,Aug 2021,PS,PSA,PSAA0,1473,Online,0,0,BẠC,PNJ MEN,TRANG SỨC CZ,0051121000
1000,Aug 2021,PS,PSA,PSAD0,1115,Online,725000,326250,BẠC,PNJ MEN,TRANG SỨC DÂY CHUYỀN,0051121000
1000,Aug 2021,PS,PSA,PSAD0,1115,Retail,1492500,671625,BẠC,PNJ MEN,TRANG SỨC DÂY CHUYỀN,0051121000
1000,Aug 2021,PS,PSA,PSAD0,1314,Online,775000,348750,BẠC,PNJ MEN,TRANG SỨC DÂY CHUYỀN,0051121000
1000,Aug 2021,PS,PSA,PSAD0,1314,Retail,739350,332708,BẠC,PNJ MEN,TRANG SỨC DÂY CHUYỀN,0051121000
1000,Aug 2021,PS,PSA,PSAD0,1316,Online,697500,313875,BẠC,PNJ MEN,TRANG SỨC DÂY CHUYỀN,0051121000
1000,Aug 2021,PS,PSA,PSAD0,1316,Retail,2081000,936450,BẠC,PNJ MEN,TRANG SỨC DÂY CHUYỀN,0051121000
1000,Aug 2021,PS,PSA,PSAD0,1370,Online,725000,326250,BẠC,PNJ MEN,TRANG SỨC DÂY CHUYỀN,0051121000
1000,Aug 2021,PS,PSA,PSAD0,1402,Retail,795000,357750,BẠC,PNJ MEN,TRANG SỨC DÂY CHUYỀN,0051121000
1000,Aug 2021,PS,PSA,PSAD0,1404,Retail,1570000,706500,BẠC,PNJ MEN,TRANG SỨC DÂY CHUYỀN,0051121000
1000,Aug 2021,PS,PSA,PSAD0,1417,Retail,775000,348750,BẠC,PNJ MEN,TRANG SỨC DÂY CHUYỀN,0051121000
1000,Aug 2021,PS,PSA,PSAS0,1278,Retail,555000,249750,BẠC,PNJ MEN,TRANG SỨC KHÔNG GẮN ĐÁ,0051121000
1000,Aug 2021,PS,PSA,PSAS0,1316,Online,16000,7200,BẠC,PNJ MEN,TRANG SỨC KHÔNG GẮN ĐÁ,0051111100
1000,Aug 2021,PS,PSA,PSAS0,1373,Online,16000,7200,BẠC,PNJ MEN,TRANG SỨC KHÔNG GẮN ĐÁ,0051111100
1000,Aug 2021,PS,PSA,PSAS0,1373,Online,300875,135394,BẠC,PNJ MEN,TRANG SỨC KHÔNG GẮN ĐÁ,0051121000
1000,Aug 2021,PS,PSA,PSAS0,1373,Online,,-240750,BẠC,PNJ MEN,TRANG SỨC KHÔNG GẮN ĐÁ,0052131000
1000,Aug 2021,PS,PSA,PSAS0,1404,Online,585000,263250,BẠC,PNJ MEN,TRANG SỨC KHÔNG GẮN ĐÁ,0051111100
1000,Aug 2021,PS,PSA,PSAS0,1445,Online,8000,3600,BẠC,PNJ MEN,TRANG SỨC KHÔNG GẮN ĐÁ,0051111100
1000,Aug 2021,PS,PSA,PSAS0,1467,Online,8000,3600,BẠC,PNJ MEN,TRANG SỨC KHÔNG GẮN ĐÁ,0051111100
1000,Aug 2021,PS,PSA,PSAY0,1314,Retail,2355000,1059750,BẠC,PNJ MEN,TRANG SỨC Ý,0051111100
1000,Aug 2021,PS,PSB,PSB00,1115,Retail,15000,6750,BẠC,BÁN THÀNH PHẨM,BÁN THÀNH PHẨM,0051121000
1000,Aug 2021,PS,PSB,PSB00,1295,Retail,30000,13500,BẠC,BÁN THÀNH PHẨM,BÁN THÀNH PHẨM,0051121000
1000,Aug 2021,PS,PSB,PSB00,1445,Retail,15000,6750,BẠC,BÁN THÀNH PHẨM,BÁN THÀNH PHẨM,0051121000
1000,Aug 2021,PS,PSP,PSPA0,1316,Online,915000,457500,BẠC,PIC,TRANG SỨC CZ,0051121000
1000,Aug 2021,PS,PSP,PSPB0,1115,Online,3090000,1545000,BẠC,PIC,TRANG SỨC ECZ,0051121000
1000,Aug 2021,PS,PSP,PSPB0,1115,Retail,645000,322500,BẠC,PIC,TRANG SỨC ECZ,0051121000
1000,Aug 2021,PS,PSP,PSPB0,1256,Online,,-522750,BẠC,PIC,TRANG SỨC ECZ,0052131000
1000,Aug 2021,PS,PSP,PSPB0,1316,Online,930750,465375,BẠC,PIC,TRANG SỨC ECZ,0051121000
1000,Aug 2021,PS,PSP,PSPB0,1316,Retail,4245750,2122875,BẠC,PIC,TRANG SỨC ECZ,0051121000
1000,Aug 2021,PS,PSP,PSPB0,1447,Online,965000,482500,BẠC,PIC,TRANG SỨC ECZ,0051121000
1000,Aug 2021,PS,PSP,PSPP0,1256,Online,,-662500,BẠC,PIC,TRANG SỨC NGỌC TRAI,0052131000
1000,Aug 2021,PS,PSP,PSPP0,1316,Online,845000,422500,BẠC,PIC,TRANG SỨC NGỌC TRAI,0051121000
1000,Aug 2021,PS,PSP,PSPS0,1115,Online,1295000,647500,BẠC,PIC,TRANG SỨC KHÔNG GẮN ĐÁ,0051121000
1000,Aug 2021,PS,PSP,PSPS0,1115,Online,,-782500,BẠC,PIC,TRANG SỨC KHÔNG GẮN ĐÁ,0052131000
1000,Aug 2021,PS,PSP,PSPS0,1316,Online,2093000,1046500,BẠC,PIC,TRANG SỨC KHÔNG GẮN ĐÁ,0051121000
1000,Aug 2021,PS,PSP,PSPS0,1373,Online,595000,297500,BẠC,PIC,TRANG SỨC KHÔNG GẮN ĐÁ,0051121000
1000,Aug 2021,PS,PSP,PSPS0,1447,Online,545000,272500,BẠC,PIC,TRANG SỨC KHÔNG GẮN ĐÁ,0051121000
1000,Aug 2021,PS,PSS,PSSA0,1115,Online,2206365,992864,BẠC,BẠC,TRANG SỨC CZ,0051111100
1000,Aug 2021,PS,PSS,PSSA0,1115,Online,7460598,3357269,BẠC,BẠC,TRANG SỨC CZ,0051121000
1000,Aug 2021,PS,PSS,PSSA0,1115,Online,,-235350,BẠC,BẠC,TRANG SỨC CZ,0052131000
1000,Aug 2021,PS,PSS,PSSA0,1115,Retail,1891604,851222,BẠC,BẠC,TRANG SỨC CZ,0051111100
1000,Aug 2021,PS,PSS,PSSA0,1115,Retail,18290527,8230737,BẠC,BẠC,TRANG SỨC CZ,0051121000
1000,Aug 2021,PS,PSS,PSSA0,1278,Online,0,0,BẠC,BẠC,TRANG SỨC CZ,0051121000
1000,Aug 2021,PS,PSS,PSSA0,1278,Online,,-179550,BẠC,BẠC,TRANG SỨC CZ,0052131000
1000,Aug 2021,PS,PSS,PSSA0,1278,Retail,1176200,529290,BẠC,BẠC,TRANG SỨC CZ,0051111100
1000,Aug 2021,PS,PSS,PSSA0,1278,Retail,2138680,962406,BẠC,BẠC,TRANG SỨC CZ,0051121000
1000,Aug 2021,PS,PSS,PSSA0,1280,Online,875519,393984,BẠC,BẠC,TRANG SỨC CZ,0051111100
1000,Aug 2021,PS,PSS,PSSA0,1280,Online,879600,395820,BẠC,BẠC,TRANG SỨC CZ,0051121000
1000,Aug 2021,PS,PSS,PSSA0,1280,Retail,337500,151875,BẠC,BẠC,TRANG SỨC CZ,0051111100
1000,Aug 2021,PS,PSS,PSSA0,1280,Retail,1783000,802350,BẠC,BẠC,TRANG SỨC CZ,0051121000
1000,Aug 2021,PS,PSS,PSSA0,1294,Online,8000,3600,BẠC,BẠC,TRANG SỨC CZ,0051111100
1000,Aug 2021,PS,PSS,PSSA0,1294,Online,5009000,2254050,BẠC,BẠC,TRANG SỨC CZ,0051121000
1000,Aug 2021,PS,PSS,PSSA0,1294,Retail,975000,438750,BẠC,BẠC,TRANG SỨC CZ,0051111100
1000,Aug 2021,PS,PSS,PSSA0,1294,Retail,4306800,1938060,BẠC,BẠC,TRANG SỨC CZ,0051121000
1000,Aug 2021,PS,PSS,PSSA0,1295,Online,375000,168750,BẠC,BẠC,TRANG SỨC CZ,0051111100
1000,Aug 2021,PS,PSS,PSSA0,1295,Online,1447000,651150,BẠC,BẠC,TRANG SỨC CZ,0051121000
1000,Aug 2021,PS,PSS,PSSA0,1295,Retail,622573,280158,BẠC,BẠC,TRANG SỨC CZ,0051111100
1000,Aug 2021,PS,PSS,PSSA0,1295,Retail,5921582,2664712,BẠC,BẠC,TRANG SỨC CZ,0051121000
1000,Aug 2021,PS,PSS,PSSA0,1314,Online,595000,267750,BẠC,BẠC,TRANG SỨC CZ,0051111100
1000,Aug 2021,PS,PSS,PSSA0,1314,Online,11140453,5013204,BẠC,BẠC,TRANG SỨC CZ,0051121000
1000,Aug 2021,PS,PSS,PSSA0,1314,Online,,-439200,BẠC,BẠC,TRANG SỨC CZ,0052131000
1000,Aug 2021,PS,PSS,PSSA0,1314,Retail,2933850,1320233,BẠC,BẠC,TRANG SỨC CZ,0051111100
1000,Aug 2021,PS,PSS,PSSA0,1314,Retail,16371620,7367229,BẠC,BẠC,TRANG SỨC CZ,0051121000
1000,Aug 2021,PS,PSS,PSSA0,1316,Online,3325350,1496408,BẠC,BẠC,TRANG SỨC CZ,0051111100
1000,Aug 2021,PS,PSS,PSSA0,1316,Online,6923242,3115459,BẠC,BẠC,TRANG SỨC CZ,0051121000
1000,Aug 2021,PS,PSS,PSSA0,1316,Online,,-272250,BẠC,BẠC,TRANG SỨC CZ,0052131000
1000,Aug 2021,PS,PSS,PSSA0,1316,Retail,1903750,856688,BẠC,BẠC,TRANG SỨC CZ,0051111100
1000,Aug 2021,PS,PSS,PSSA0,1316,Retail,11188365,5034764,BẠC,BẠC,TRANG SỨC CZ,0051121000
1000,Aug 2021,PS,PSS,PSSA0,1317,Online,0,0,BẠC,BẠC,TRANG SỨC CZ,0051121000
1000,Aug 2021,PS,PSS,PSSA0,1329,Online,0,0,BẠC,BẠC,TRANG SỨC CZ,0051111100
1000,Aug 2021,PS,PSS,PSSA0,1329,Online,2077023,934660,BẠC,BẠC,TRANG SỨC CZ,0051121000
1000,Aug 2021,PS,PSS,PSSA0,1330,Retail,295000,132750,BẠC,BẠC,TRANG SỨC CZ,0051111100
1000,Aug 2021,PS,PSS,PSSA0,1330,Retail,1391980,626391,BẠC,BẠC,TRANG SỨC CZ,0051121000
1000,Aug 2021,PS,PSS,PSSA0,1370,Online,285000,128250,BẠC,BẠC,TRANG SỨC CZ,0051111100
1000,Aug 2021,PS,PSS,PSSA0,1370,Online,2406245,1082810,BẠC,BẠC,TRANG SỨC CZ,0051121000
1000,Aug 2021,PS,PSS,PSSA0,1370,Online,,-142650,BẠC,BẠC,TRANG SỨC CZ,0052131000
1000,Aug 2021,PS,PSS,PSSA0,1370,Retail,3542500,1594125,BẠC,BẠC,TRANG SỨC CZ,0051121000
1000,Aug 2021,PS,PSS,PSSA0,1373,Online,1631529,734188,BẠC,BẠC,TRANG SỨC CZ,0051111100
1000,Aug 2021,PS,PSS,PSSA0,1373,Online,4739855,2132935,BẠC,BẠC,TRANG SỨC CZ,0051121000
1000,Aug 2021,PS,PSS,PSSA0,1376,Online,0,0,BẠC,BẠC,TRANG SỨC CZ,0051111100
1000,Aug 2021,PS,PSS,PSSA0,1376,Online,4541200,2043540,BẠC,BẠC,TRANG SỨC CZ,0051121000
1000,Aug 2021,PS,PSS,PSSA0,1376,Retail,670000,301500,BẠC,BẠC,TRANG SỨC CZ,0051111100
1000,Aug 2021,PS,PSS,PSSA0,1376,Retail,1103500,496575,BẠC,BẠC,TRANG SỨC CZ,0051121000
1000,Aug 2021,PS,PSS,PSSA0,1402,Online,238000,107100,BẠC,BẠC,TRANG SỨC CZ,0051111100
1000,Aug 2021,PS,PSS,PSSA0,1402,Online,2402000,1080900,BẠC,BẠC,TRANG SỨC CZ,0051121000
1000,Aug 2021,PS,PSS,PSSA0,1402,Retail,814250,366413,BẠC,BẠC,TRANG SỨC CZ,0051111100
1000,Aug 2021,PS,PSS,PSSA0,1402,Retail,4294700,1932615,BẠC,BẠC,TRANG SỨC CZ,0051121000
1000,Aug 2021,PS,PSS,PSSA0,1404,Online,5963400,2683530,BẠC,BẠC,TRANG SỨC CZ,0051121000
1000,Aug 2021,PS,PSS,PSSA0,1404,Online,,-245700,BẠC,BẠC,TRANG SỨC CZ,0052131000
1000,Aug 2021,PS,PSS,PSSA0,1404,Retail,9460610,4257275,BẠC,BẠC,TRANG SỨC CZ,0051121000
1000,Aug 2021,PS,PSS,PSSA0,1417,Online,1611090,724991,BẠC,BẠC,TRANG SỨC CZ,0051111100
1000,Aug 2021,PS,PSS,PSSA0,1417,Online,6295950,2833178,BẠC,BẠC,TRANG SỨC CZ,0051121000
1000,Aug 2021,PS,PSS,PSSA0,1417,Online,,-106200,BẠC,BẠC,TRANG SỨC CZ,0052131100
1000,Aug 2021,PS,PSS,PSSA0,1417,Retail,4732300,2129535,BẠC,BẠC,TRANG SỨC CZ,0051121000
1000,Aug 2021,PS,PSS,PSSA0,1445,Online,696382,313372,BẠC,BẠC,TRANG SỨC CZ,0051111100
1000,Aug 2021,PS,PSS,PSSA0,1445,Online,2306000,1037700,BẠC,BẠC,TRANG SỨC CZ,0051121000
1000,Aug 2021,PS,PSS,PSSA0,1445,Retail,1770000,796500,BẠC,BẠC,TRANG SỨC CZ,0051111100
1000,Aug 2021,PS,PSS,PSSA0,1445,Retail,6447720,2901474,BẠC,BẠC,TRANG SỨC CZ,0051121000
1000,Aug 2021,PS,PSS,PSSA0,1447,Online,3031772,1364297,BẠC,BẠC,TRANG SỨC CZ,0051121000
1000,Aug 2021,PS,PSS,PSSA0,1447,Retail,815000,366750,BẠC,BẠC,TRANG SỨC CZ,0051121000
1000,Aug 2021,PS,PSS,PSSA0,1467,Online,3213588,1446115,BẠC,BẠC,TRANG SỨC CZ,0051111100
1000,Aug 2021,PS,PSS,PSSA0,1467,Online,7650716,3442822,BẠC,BẠC,TRANG SỨC CZ,0051121000
1000,Aug 2021,PS,PSS,PSSA0,1467,Retail,874650,393593,BẠC,BẠC,TRANG SỨC CZ,0051111100
1000,Aug 2021,PS,PSS,PSSA0,1467,Retail,1991500,896175,BẠC,BẠC,TRANG SỨC CZ,0051121000
1000,Aug 2021,PS,PSS,PSSA0,1473,Online,2687067,1209180,BẠC,BẠC,TRANG SỨC CZ,0051121000
1000,Aug 2021,PS,PSS,PSSA0,1473,Online,,-518400,BẠC,BẠC,TRANG SỨC CZ,0052131000
1000,Aug 2021,PS,PSS,PSSA0,1473,Retail,3990000,1795500,BẠC,BẠC,TRANG SỨC CZ,0051121000
1000,Aug 2021,PS,PSS,PSSA0,1489,Online,597000,268650,BẠC,BẠC,TRANG SỨC CZ,0051121000
1000,Aug 2021,PS,PSS,PSSA0,1489,Retail,949750,427388,BẠC,BẠC,TRANG SỨC CZ,0051121000
1000,Aug 2021,PS,PSS,PSSA0,1493,Online,339444,152750,BẠC,BẠC,TRANG SỨC CZ,0051111100
1000,Aug 2021,PS,PSS,PSSA0,1493,Online,666143,299764,BẠC,BẠC,TRANG SỨC CZ,0051121000
1000,Aug 2021,PS,PSS,PSSA0,1493,Retail,520000,234000,BẠC,BẠC,TRANG SỨC CZ,0051111100
1000,Aug 2021,PS,PSS,PSSA0,1493,Retail,952000,428400,BẠC,BẠC,TRANG SỨC CZ,0051121000
1000,Aug 2021,PS,PSS,PSSB0,1115,Online,2310152,1039568,BẠC,BẠC,TRANG SỨC ECZ,0051111100
1000,Aug 2021,PS,PSS,PSSB0,1115,Online,330000,148500,BẠC,BẠC,TRANG SỨC ECZ,0051121000
1000,Aug 2021,PS,PSS,PSSB0,1115,Retail,1451651,653243,BẠC,BẠC,TRANG SỨC ECZ,0051121000
1000,Aug 2021,PS,PSS,PSSB0,1278,Online,495000,222750,BẠC,BẠC,TRANG SỨC ECZ,0051121000
1000,Aug 2021,PS,PSS,PSSB0,1294,Online,0,0,BẠC,BẠC,TRANG SỨC ECZ,0051111100
1000,Aug 2021,PS,PSS,PSSB0,1294,Online,485000,218250,BẠC,BẠC,TRANG SỨC ECZ,0051121000
1000,Aug 2021,PS,PSS,PSSB0,1294,Retail,1175000,528750,BẠC,BẠC,TRANG SỨC ECZ,0051121000
1000,Aug 2021,PS,PSS,PSSB0,1314,Online,705000,317250,BẠC,BẠC,TRANG SỨC ECZ,0051111100
1000,Aug 2021,PS,PSS,PSSB0,1314,Online,2128000,957600,BẠC,BẠC,TRANG SỨC ECZ,0051121000
1000,Aug 2021,PS,PSS,PSSB0,1314,Retail,2442350,1099058,BẠC,BẠC,TRANG SỨC ECZ,0051121000
1000,Aug 2021,PS,PSS,PSSB0,1316,Online,645000,290250,BẠC,BẠC,TRANG SỨC ECZ,0051111100
1000,Aug 2021,PS,PSS,PSSB0,1316,Online,1050993,472947,BẠC,BẠC,TRANG SỨC ECZ,0051121000
1000,Aug 2021,PS,PSS,PSSB0,1316,Retail,1097500,493875,BẠC,BẠC,TRANG SỨC ECZ,0051121000
1000,Aug 2021,PS,PSS,PSSB0,1329,Online,488000,219600,BẠC,BẠC,TRANG SỨC ECZ,0051121000
1000,Aug 2021,PS,PSS,PSSB0,1370,Online,485000,218250,BẠC,BẠC,TRANG SỨC ECZ,0051121000
1000,Aug 2021,PS,PSS,PSSB0,1370,Retail,1050000,472500,BẠC,BẠC,TRANG SỨC ECZ,0051111100
1000,Aug 2021,PS,PSS,PSSB0,1370,Retail,1310000,589500,BẠC,BẠC,TRANG SỨC ECZ,0051121000
1000,Aug 2021,PS,PSS,PSSB0,1373,Online,705000,317250,BẠC,BẠC,TRANG SỨC ECZ,0051111100
1000,Aug 2021,PS,PSS,PSSB0,1373,Online,1318500,593325,BẠC,BẠC,TRANG SỨC ECZ,0051121000
1000,Aug 2021,PS,PSS,PSSB0,1376,Online,0,0,BẠC,BẠC,TRANG SỨC ECZ,0051111100
1000,Aug 2021,PS,PSS,PSSB0,1376,Online,363000,163350,BẠC,BẠC,TRANG SỨC ECZ,0051121000
1000,Aug 2021,PS,PSS,PSSB0,1404,Online,593000,266850,BẠC,BẠC,TRANG SỨC ECZ,0051121000
1000,Aug 2021,PS,PSS,PSSB0,1404,Retail,2076250,934313,BẠC,BẠC,TRANG SỨC ECZ,0051111100
1000,Aug 2021,PS,PSS,PSSB0,1404,Retail,896490,403421,BẠC,BẠC,TRANG SỨC ECZ,0051121000
1000,Aug 2021,PS,PSS,PSSB0,1417,Online,285000,128250,BẠC,BẠC,TRANG SỨC ECZ,0051121000
1000,Aug 2021,PS,PSS,PSSB0,1445,Online,935000,420750,BẠC,BẠC,TRANG SỨC ECZ,0051121000
1000,Aug 2021,PS,PSS,PSSB0,1447,Online,1066500,479925,BẠC,BẠC,TRANG SỨC ECZ,0051111100
1000,Aug 2021,PS,PSS,PSSB0,1447,Online,1041000,468450,BẠC,BẠC,TRANG SỨC ECZ,0051121000
1000,Aug 2021,PS,PSS,PSSB0,1467,Online,815000,366750,BẠC,BẠC,TRANG SỨC ECZ,0051111100
1000,Aug 2021,PS,PSS,PSSB0,1467,Online,8000,3600,BẠC,BẠC,TRANG SỨC ECZ,0051121000
1000,Aug 2021,PS,PSS,PSSB0,1467,Retail,623850,280733,BẠC,BẠC,TRANG SỨC ECZ,0051121000
1000,Aug 2021,PS,PSS,PSSB0,1489,Online,355000,159750,BẠC,BẠC,TRANG SỨC ECZ,0051121000
1000,Aug 2021,PS,PSS,PSSB0,1493,Online,1101966,495885,BẠC,BẠC,TRANG SỨC ECZ,0051121000
1000,Aug 2021,PS,PSS,PSSD0,1115,Online,1029251,463163,BẠC,BẠC,TRANG SỨC DÂY CHUYỀN,0051111100
1000,Aug 2021,PS,PSS,PSSD0,1115,Online,1773899,798255,BẠC,BẠC,TRANG SỨC DÂY CHUYỀN,0051121000
1000,Aug 2021,PS,PSS,PSSD0,1115,Retail,2180000,981000,BẠC,BẠC,TRANG SỨC DÂY CHUYỀN,0051111100
1000,Aug 2021,PS,PSS,PSSD0,1115,Retail,2120600,954270,BẠC,BẠC,TRANG SỨC DÂY CHUYỀN,0051121000
1000,Aug 2021,PS,PSS,PSSD0,1278,Retail,1086350,488858,BẠC,BẠC,TRANG SỨC DÂY CHUYỀN,0051111100
1000,Aug 2021,PS,PSS,PSSD0,1278,Retail,775000,348750,BẠC,BẠC,TRANG SỨC DÂY CHUYỀN,0051121000
1000,Aug 2021,PS,PSS,PSSD0,1280,Online,1145000,515250,BẠC,BẠC,TRANG SỨC DÂY CHUYỀN,0051111100
1000,Aug 2021,PS,PSS,PSSD0,1280,Online,440000,198000,BẠC,BẠC,TRANG SỨC DÂY CHUYỀN,0051121000
1000,Aug 2021,PS,PSS,PSSD0,1280,Retail,303000,136350,BẠC,BẠC,TRANG SỨC DÂY CHUYỀN,0051121000
1000,Aug 2021,PS,PSS,PSSD0,1294,Retail,600000,270000,BẠC,BẠC,TRANG SỨC DÂY CHUYỀN,0051111100
1000,Aug 2021,PS,PSS,PSSD0,1294,Retail,966000,434700,BẠC,BẠC,TRANG SỨC DÂY CHUYỀN,0051121000
1000,Aug 2021,PS,PSS,PSSD0,1295,Online,575000,258750,BẠC,BẠC,TRANG SỨC DÂY CHUYỀN,0051111100
1000,Aug 2021,PS,PSS,PSSD0,1295,Online,,-146250,BẠC,BẠC,TRANG SỨC DÂY CHUYỀN,0052131100
1000,Aug 2021,PS,PSS,PSSD0,1295,Retail,1247835,561526,BẠC,BẠC,TRANG SỨC DÂY CHUYỀN,0051121000
1000,Aug 2021,PS,PSS,PSSD0,1314,Online,550000,247500,BẠC,BẠC,TRANG SỨC DÂY CHUYỀN,0051111100
1000,Aug 2021,PS,PSS,PSSD0,1314,Online,719642,323839,BẠC,BẠC,TRANG SỨC DÂY CHUYỀN,0051121000
1000,Aug 2021,PS,PSS,PSSD0,1314,Retail,3282350,1477058,BẠC,BẠC,TRANG SỨC DÂY CHUYỀN,0051111100
1000,Aug 2021,PS,PSS,PSSD0,1314,Retail,1987080,894186,BẠC,BẠC,TRANG SỨC DÂY CHUYỀN,0051121000
1000,Aug 2021,PS,PSS,PSSD0,1316,Online,715610,322025,BẠC,BẠC,TRANG SỨC DÂY CHUYỀN,0051111100
1000,Aug 2021,PS,PSS,PSSD0,1316,Online,971648,437242,BẠC,BẠC,TRANG SỨC DÂY CHUYỀN,0051121000
1000,Aug 2021,PS,PSS,PSSD0,1316,Online,,-112500,BẠC,BẠC,TRANG SỨC DÂY CHUYỀN,0052131000
1000,Aug 2021,PS,PSS,PSSD0,1316,Retail,440000,198000,BẠC,BẠC,TRANG SỨC DÂY CHUYỀN,0051111100
1000,Aug 2021,PS,PSS,PSSD0,1316,Retail,1795000,807750,BẠC,BẠC,TRANG SỨC DÂY CHUYỀN,0051121000
1000,Aug 2021,PS,PSS,PSSD0,1329,Online,251672,113252,BẠC,BẠC,TRANG SỨC DÂY CHUYỀN,0051121000
1000,Aug 2021,PS,PSS,PSSD0,1330,Retail,396000,178200,BẠC,BẠC,TRANG SỨC DÂY CHUYỀN,0051111100
1000,Aug 2021,PS,PSS,PSSD0,1370,Online,448755,201940,BẠC,BẠC,TRANG SỨC DÂY CHUYỀN,0051121000
1000,Aug 2021,PS,PSS,PSSD0,1370,Retail,528000,237600,BẠC,BẠC,TRANG SỨC DÂY CHUYỀN,0051111100
1000,Aug 2021,PS,PSS,PSSD0,1370,Retail,1731000,778950,BẠC,BẠC,TRANG SỨC DÂY CHUYỀN,0051121000
1000,Aug 2021,PS,PSS,PSSD0,1373,Online,851325,383096,BẠC,BẠC,TRANG SỨC DÂY CHUYỀN,0051111100
1000,Aug 2021,PS,PSS,PSSD0,1373,Online,223000,100350,BẠC,BẠC,TRANG SỨC DÂY CHUYỀN,0051121000
1000,Aug 2021,PS,PSS,PSSD0,1376,Online,820000,369000,BẠC,BẠC,TRANG SỨC DÂY CHUYỀN,0051111100
1000,Aug 2021,PS,PSS,PSSD0,1376,Online,680300,306135,BẠC,BẠC,TRANG SỨC DÂY CHUYỀN,0051121000
1000,Aug 2021,PS,PSS,PSSD0,1376,Retail,270000,121500,BẠC,BẠC,TRANG SỨC DÂY CHUYỀN,0051111100
1000,Aug 2021,PS,PSS,PSSD0,1376,Retail,821000,369450,BẠC,BẠC,TRANG SỨC DÂY CHUYỀN,0051121000
1000,Aug 2021,PS,PSS,PSSD0,1402,Online,645000,290250,BẠC,BẠC,TRANG SỨC DÂY CHUYỀN,0051111100
1000,Aug 2021,PS,PSS,PSSD0,1402,Retail,440000,198000,BẠC,BẠC,TRANG SỨC DÂY CHUYỀN,0051111100
1000,Aug 2021,PS,PSS,PSSD0,1404,Online,592000,266400,BẠC,BẠC,TRANG SỨC DÂY CHUYỀN,0051121000
1000,Aug 2021,PS,PSS,PSSD0,1404,Retail,1775000,798750,BẠC,BẠC,TRANG SỨC DÂY CHUYỀN,0051111100
1000,Aug 2021,PS,PSS,PSSD0,1404,Retail,1726860,777087,BẠC,BẠC,TRANG SỨC DÂY CHUYỀN,0051121000
1000,Aug 2021,PS,PSS,PSSD0,1417,Online,300000,135000,BẠC,BẠC,TRANG SỨC DÂY CHUYỀN,0051111100
1000,Aug 2021,PS,PSS,PSSD0,1417,Online,1563550,703598,BẠC,BẠC,TRANG SỨC DÂY CHUYỀN,0051121000
1000,Aug 2021,PS,PSS,PSSD0,1417,Retail,240000,108000,BẠC,BẠC,TRANG SỨC DÂY CHUYỀN,0051111100
1000,Aug 2021,PS,PSS,PSSD0,1445,Online,246618,110978,BẠC,BẠC,TRANG SỨC DÂY CHUYỀN,0051121000
1000,Aug 2021,PS,PSS,PSSD0,1445,Retail,1209000,544050,BẠC,BẠC,TRANG SỨC DÂY CHUYỀN,0051121000
1000,Aug 2021,PS,PSS,PSSD0,1447,Online,2285000,1028250,BẠC,BẠC,TRANG SỨC DÂY CHUYỀN,0051111100
1000,Aug 2021,PS,PSS,PSSD0,1447,Online,1028478,462815,BẠC,BẠC,TRANG SỨC DÂY CHUYỀN,0051121000
1000,Aug 2021,PS,PSS,PSSD0,1447,Retail,239000,107550,BẠC,BẠC,TRANG SỨC DÂY CHUYỀN,0051121000
1000,Aug 2021,PS,PSS,PSSD0,1467,Online,270000,121500,BẠC,BẠC,TRANG SỨC DÂY CHUYỀN,0051111100
1000,Aug 2021,PS,PSS,PSSD0,1467,Online,1109596,499318,BẠC,BẠC,TRANG SỨC DÂY CHUYỀN,0051121000
1000,Aug 2021,PS,PSS,PSSD0,1473,Online,422512,190130,BẠC,BẠC,TRANG SỨC DÂY CHUYỀN,0051111100
1000,Aug 2021,PS,PSS,PSSD0,1473,Online,0,0,BẠC,BẠC,TRANG SỨC DÂY CHUYỀN,0051121000
1000,Aug 2021,PS,PSS,PSSD0,1473,Retail,300000,135000,BẠC,BẠC,TRANG SỨC DÂY CHUYỀN,0051111100
1000,Aug 2021,PS,PSS,PSSD0,1473,Retail,495000,222750,BẠC,BẠC,TRANG SỨC DÂY CHUYỀN,0051121000
1000,Aug 2021,PS,PSS,PSSD0,1493,Online,273000,122850,BẠC,BẠC,TRANG SỨC DÂY CHUYỀN,0051121000
1000,Aug 2021,PS,PSS,PSSD0,1493,Retail,250000,112500,BẠC,BẠC,TRANG SỨC DÂY CHUYỀN,0051121000
1000,Aug 2021,PS,PSS,PSSE0,1278,Retail,295000,103250,BẠC,BẠC,TRANG SỨC BẠC TA,0051111100
1000,Aug 2021,PS,PSS,PSSE0,1295,Retail,205000,71750,BẠC,BẠC,TRANG SỨC BẠC TA,0051111100
1000,Aug 2021,PS,PSS,PSSE0,1314,Retail,475000,166250,BẠC,BẠC,TRANG SỨC BẠC TA,0051111100
1000,Aug 2021,PS,PSS,PSSE0,1370,Retail,335000,117250,BẠC,BẠC,TRANG SỨC BẠC TA,0051111100
1000,Aug 2021,PS,PSS,PSSE0,1404,Retail,295000,103250,BẠC,BẠC,TRANG SỨC BẠC TA,0051111100
1000,Aug 2021,PS,PSS,PSSI0,1115,Online,5146305,2315837,BẠC,BẠC,TRANG SỨC D.I.Y,0051111100
1000,Aug 2021,PS,PSS,PSSI0,1115,Online,550000,247500,BẠC,BẠC,TRANG SỨC D.I.Y,0051121000
1000,Aug 2021,PS,PSS,PSSI0,1115,Retail,8074773,3633648,BẠC,BẠC,TRANG SỨC D.I.Y,0051111100
1000,Aug 2021,PS,PSS,PSSI0,1115,Retail,1306175,587779,BẠC,BẠC,TRANG SỨC D.I.Y,0051121000
1000,Aug 2021,PS,PSS,PSSI0,1256,Online,,-225000,BẠC,BẠC,TRANG SỨC D.I.Y,0052131000
1000,Aug 2021,PS,PSS,PSSI0,1278,Retail,7056200,3175290,BẠC,BẠC,TRANG SỨC D.I.Y,0051111100
1000,Aug 2021,PS,PSS,PSSI0,1280,Online,3066643,1379989,BẠC,BẠC,TRANG SỨC D.I.Y,0051111100
1000,Aug 2021,PS,PSS,PSSI0,1280,Retail,1490000,670500,BẠC,BẠC,TRANG SỨC D.I.Y,0051111100
1000,Aug 2021,PS,PSS,PSSI0,1294,Online,0,0,BẠC,BẠC,TRANG SỨC D.I.Y,0051111100
1000,Aug 2021,PS,PSS,PSSI0,1294,Online,0,0,BẠC,BẠC,TRANG SỨC D.I.Y,0051121000
1000,Aug 2021,PS,PSS,PSSI0,1294,Retail,1905000,857250,BẠC,BẠC,TRANG SỨC D.I.Y,0051111100
1000,Aug 2021,PS,PSS,PSSI0,1295,Online,288000,129600,BẠC,BẠC,TRANG SỨC D.I.Y,0051111100
1000,Aug 2021,PS,PSS,PSSI0,1295,Online,8000,3600,BẠC,BẠC,TRANG SỨC D.I.Y,0051121000
1000,Aug 2021,PS,PSS,PSSI0,1295,Retail,2147427,966342,BẠC,BẠC,TRANG SỨC D.I.Y,0051111100
1000,Aug 2021,PS,PSS,PSSI0,1314,Online,0,0,BẠC,BẠC,TRANG SỨC D.I.Y,0051111100
1000,Aug 2021,PS,PSS,PSSI0,1314,Retail,8633750,3885188,BẠC,BẠC,TRANG SỨC D.I.Y,0051111100
1000,Aug 2021,PS,PSS,PSSI0,1314,Retail,2474500,1113525,BẠC,BẠC,TRANG SỨC D.I.Y,0051121000
1000,Aug 2021,PS,PSS,PSSI0,1316,Online,5781966,2601885,BẠC,BẠC,TRANG SỨC D.I.Y,0051111100
1000,Aug 2021,PS,PSS,PSSI0,1316,Online,331734,149280,BẠC,BẠC,TRANG SỨC D.I.Y,0051121000
1000,Aug 2021,PS,PSS,PSSI0,1316,Retail,1120100,504045,BẠC,BẠC,TRANG SỨC D.I.Y,0051111100
1000,Aug 2021,PS,PSS,PSSI0,1317,Online,370000,166500,BẠC,BẠC,TRANG SỨC D.I.Y,0051111100
1000,Aug 2021,PS,PSS,PSSI0,1330,Retail,2087000,939150,BẠC,BẠC,TRANG SỨC D.I.Y,0051111100
1000,Aug 2021,PS,PSS,PSSI0,1370,Online,0,0,BẠC,BẠC,TRANG SỨC D.I.Y,0051111100
1000,Aug 2021,PS,PSS,PSSI0,1370,Retail,1246000,560700,BẠC,BẠC,TRANG SỨC D.I.Y,0051111100
1000,Aug 2021,PS,PSS,PSSI0,1370,Retail,350000,157500,BẠC,BẠC,TRANG SỨC D.I.Y,0051121000
1000,Aug 2021,PS,PSS,PSSI0,1373,Online,2543071,1144382,BẠC,BẠC,TRANG SỨC D.I.Y,0051111100
1000,Aug 2021,PS,PSS,PSSI0,1373,Online,495000,222750,BẠC,BẠC,TRANG SỨC D.I.Y,0051121000
1000,Aug 2021,PS,PSS,PSSI0,1376,Online,500000,225000,BẠC,BẠC,TRANG SỨC D.I.Y,0051111100
1000,Aug 2021,PS,PSS,PSSI0,1402,Retail,795000,357750,BẠC,BẠC,TRANG SỨC D.I.Y,0051111100
1000,Aug 2021,PS,PSS,PSSI0,1404,Online,288000,129600,BẠC,BẠC,TRANG SỨC D.I.Y,0051111100
1000,Aug 2021,PS,PSS,PSSI0,1404,Retail,4607000,2073150,BẠC,BẠC,TRANG SỨC D.I.Y,0051111100
1000,Aug 2021,PS,PSS,PSSI0,1417,Online,274468,123511,BẠC,BẠC,TRANG SỨC D.I.Y,0051111100
1000,Aug 2021,PS,PSS,PSSI0,1417,Online,511192,230036,BẠC,BẠC,TRANG SỨC D.I.Y,0051121000
1000,Aug 2021,PS,PSS,PSSI0,1445,Online,588605,264872,BẠC,BẠC,TRANG SỨC D.I.Y,0051111100
1000,Aug 2021,PS,PSS,PSSI0,1445,Online,526395,236878,BẠC,BẠC,TRANG SỨC D.I.Y,0051121000
1000,Aug 2021,PS,PSS,PSSI0,1445,Retail,2235000,1005750,BẠC,BẠC,TRANG SỨC D.I.Y,0051111100
1000,Aug 2021,PS,PSS,PSSI0,1445,Retail,550000,247500,BẠC,BẠC,TRANG SỨC D.I.Y,0051121000
1000,Aug 2021,PS,PSS,PSSI0,1447,Online,3006500,1352925,BẠC,BẠC,TRANG SỨC D.I.Y,0051111100
1000,Aug 2021,PS,PSS,PSSI0,1447,Online,540000,243000,BẠC,BẠC,TRANG SỨC D.I.Y,0051121000
1000,Aug 2021,PS,PSS,PSSI0,1467,Online,2160000,972000,BẠC,BẠC,TRANG SỨC D.I.Y,0051111100
1000,Aug 2021,PS,PSS,PSSI0,1467,Retail,5981550,2691698,BẠC,BẠC,TRANG SỨC D.I.Y,0051111100
1000,Aug 2021,PS,PSS,PSSI0,1473,Online,1265350,569408,BẠC,BẠC,TRANG SỨC D.I.Y,0051111100
1000,Aug 2021,PS,PSS,PSSI0,1473,Retail,1228500,552825,BẠC,BẠC,TRANG SỨC D.I.Y,0051111100
1000,Aug 2021,PS,PSS,PSSI0,1489,Online,2704500,1217025,BẠC,BẠC,TRANG SỨC D.I.Y,0051111100
1000,Aug 2021,PS,PSS,PSSI0,1493,Online,1224951,551228,BẠC,BẠC,TRANG SỨC D.I.Y,0051111100
1000,Aug 2021,PS,PSS,PSSP0,1115,Online,8000,3600,BẠC,BẠC,TRANG SỨC NGỌC TRAI,0051121000
1000,Aug 2021,PS,PSS,PSSP0,1115,Retail,2082100,936945,BẠC,BẠC,TRANG SỨC NGỌC TRAI,0051121000
1000,Aug 2021,PS,PSS,PSSP0,1278,Retail,650000,292500,BẠC,BẠC,TRANG SỨC NGỌC TRAI,0051121000
1000,Aug 2021,PS,PSS,PSSP0,1280,Online,16000,7200,BẠC,BẠC,TRANG SỨC NGỌC TRAI,0051121000
1000,Aug 2021,PS,PSS,PSSP0,1280,Retail,239010,107555,BẠC,BẠC,TRANG SỨC NGỌC TRAI,0051121000
1000,Aug 2021,PS,PSS,PSSP0,1294,Online,445000,200250,BẠC,BẠC,TRANG SỨC NGỌC TRAI,0051111100
1000,Aug 2021,PS,PSS,PSSP0,1294,Online,1553000,698850,BẠC,BẠC,TRANG SỨC NGỌC TRAI,0051121000
1000,Aug 2021,PS,PSS,PSSP0,1295,Online,525000,236250,BẠC,BẠC,TRANG SỨC NGỌC TRAI,0051111100
1000,Aug 2021,PS,PSS,PSSP0,1295,Retail,1416000,637200,BẠC,BẠC,TRANG SỨC NGỌC TRAI,0051121000
1000,Aug 2021,PS,PSS,PSSP0,1314,Online,823000,370350,BẠC,BẠC,TRANG SỨC NGỌC TRAI,0051121000
1000,Aug 2021,PS,PSS,PSSP0,1314,Online,,-93150,BẠC,BẠC,TRANG SỨC NGỌC TRAI,0052131000
1000,Aug 2021,PS,PSS,PSSP0,1314,Retail,895000,402750,BẠC,BẠC,TRANG SỨC NGỌC TRAI,0051111100
1000,Aug 2021,PS,PSS,PSSP0,1314,Retail,2885300,1298385,BẠC,BẠC,TRANG SỨC NGỌC TRAI,0051121000
1000,Aug 2021,PS,PSS,PSSP0,1316,Online,16000,7200,BẠC,BẠC,TRANG SỨC NGỌC TRAI,0051121000
1000,Aug 2021,PS,PSS,PSSP0,1316,Retail,845000,380250,BẠC,BẠC,TRANG SỨC NGỌC TRAI,0051111100
1000,Aug 2021,PS,PSS,PSSP0,1316,Retail,920000,414000,BẠC,BẠC,TRANG SỨC NGỌC TRAI,0051121000
1000,Aug 2021,PS,PSS,PSSP0,1317,Online,207000,93150,BẠC,BẠC,TRANG SỨC NGỌC TRAI,0051121000
1000,Aug 2021,PS,PSS,PSSP0,1329,Online,296000,133200,BẠC,BẠC,TRANG SỨC NGỌC TRAI,0051121000
1000,Aug 2021,PS,PSS,PSSP0,1370,Online,1060000,477000,BẠC,BẠC,TRANG SỨC NGỌC TRAI,0051121000
1000,Aug 2021,PS,PSS,PSSP0,1373,Online,588000,264600,BẠC,BẠC,TRANG SỨC NGỌC TRAI,0051111100
1000,Aug 2021,PS,PSS,PSSP0,1373,Online,0,0,BẠC,BẠC,TRANG SỨC NGỌC TRAI,0051121000
1000,Aug 2021,PS,PSS,PSSP0,1376,Online,258600,116370,BẠC,BẠC,TRANG SỨC NGỌC TRAI,0051121000
1000,Aug 2021,PS,PSS,PSSP0,1376,Retail,735010,330755,BẠC,BẠC,TRANG SỨC NGỌC TRAI,0051121000
1000,Aug 2021,PS,PSS,PSSP0,1402,Online,695000,312750,BẠC,BẠC,TRANG SỨC NGỌC TRAI,0051121000
1000,Aug 2021,PS,PSS,PSSP0,1404,Online,157000,70650,BẠC,BẠC,TRANG SỨC NGỌC TRAI,0051121000
1000,Aug 2021,PS,PSS,PSSP0,1404,Online,,-93150,BẠC,BẠC,TRANG SỨC NGỌC TRAI,0052131000
1000,Aug 2021,PS,PSS,PSSP0,1404,Retail,2027400,912330,BẠC,BẠC,TRANG SỨC NGỌC TRAI,0051121000
1000,Aug 2021,PS,PSS,PSSP0,1417,Online,541000,243450,BẠC,BẠC,TRANG SỨC NGỌC TRAI,0051121000
1000,Aug 2021,PS,PSS,PSSP0,1445,Online,8000,3600,BẠC,BẠC,TRANG SỨC NGỌC TRAI,0051121000
1000,Aug 2021,PS,PSS,PSSP0,1445,Retail,402000,180900,BẠC,BẠC,TRANG SỨC NGỌC TRAI,0051121000
1000,Aug 2021,PS,PSS,PSSP0,1467,Retail,450120,202554,BẠC,BẠC,TRANG SỨC NGỌC TRAI,0051121000
1000,Aug 2021,PS,PSS,PSSP0,1473,Online,427313,192291,BẠC,BẠC,TRANG SỨC NGỌC TRAI,0051121000
1000,Aug 2021,PS,PSS,PSSP0,1489,Online,8000,3600,BẠC,BẠC,TRANG SỨC NGỌC TRAI,0051121000
1000,Aug 2021,PS,PSS,PSSS0,1115,Online,1211130,545009,BẠC,BẠC,TRANG SỨC KHÔNG GẮN ĐÁ,0051111100
1000,Aug 2021,PS,PSS,PSSS0,1115,Online,1064000,478800,BẠC,BẠC,TRANG SỨC KHÔNG GẮN ĐÁ,0051121000
1000,Aug 2021,PS,PSS,PSSS0,1115,Retail,345000,155250,BẠC,BẠC,TRANG SỨC KHÔNG GẮN ĐÁ,0051111100
1000,Aug 2021,PS,PSS,PSSS0,1115,Retail,10042080,4518936,BẠC,BẠC,TRANG SỨC KHÔNG GẮN ĐÁ,0051121000
1000,Aug 2021,PS,PSS,PSSS0,1278,Retail,302250,136013,BẠC,BẠC,TRANG SỨC KHÔNG GẮN ĐÁ,0051111100
1000,Aug 2021,PS,PSS,PSSS0,1278,Retail,2355670,1060052,BẠC,BẠC,TRANG SỨC KHÔNG GẮN ĐÁ,0051121000
1000,Aug 2021,PS,PSS,PSSS0,1280,Online,287338,129302,BẠC,BẠC,TRANG SỨC KHÔNG GẮN ĐÁ,0051111100
1000,Aug 2021,PS,PSS,PSSS0,1280,Online,683000,307350,BẠC,BẠC,TRANG SỨC KHÔNG GẮN ĐÁ,0051121000
1000,Aug 2021,PS,PSS,PSSS0,1280,Retail,3757180,1690731,BẠC,BẠC,TRANG SỨC KHÔNG GẮN ĐÁ,0051121000
1000,Aug 2021,PS,PSS,PSSS0,1294,Online,8000,3600,BẠC,BẠC,TRANG SỨC KHÔNG GẮN ĐÁ,0051121000
1000,Aug 2021,PS,PSS,PSSS0,1294,Retail,1610000,724500,BẠC,BẠC,TRANG SỨC KHÔNG GẮN ĐÁ,0051111100
1000,Aug 2021,PS,PSS,PSSS0,1294,Retail,4444250,1999913,BẠC,BẠC,TRANG SỨC KHÔNG GẮN ĐÁ,0051121000
1000,Aug 2021,PS,PSS,PSSS0,1295,Online,0,0,BẠC,BẠC,TRANG SỨC KHÔNG GẮN ĐÁ,0051111100
1000,Aug 2021,PS,PSS,PSSS0,1295,Online,1238460,557307,BẠC,BẠC,TRANG SỨC KHÔNG GẮN ĐÁ,0051121000
1000,Aug 2021,PS,PSS,PSSS0,1295,Retail,595000,267750,BẠC,BẠC,TRANG SỨC KHÔNG GẮN ĐÁ,0051111100
1000,Aug 2021,PS,PSS,PSSS0,1295,Retail,4789449,2155252,BẠC,BẠC,TRANG SỨC KHÔNG GẮN ĐÁ,0051121000
1000,Aug 2021,PS,PSS,PSSS0,1314,Online,1826700,822015,BẠC,BẠC,TRANG SỨC KHÔNG GẮN ĐÁ,0051121000
1000,Aug 2021,PS,PSS,PSSS0,1314,Retail,2191900,986355,BẠC,BẠC,TRANG SỨC KHÔNG GẮN ĐÁ,0051111100
1000,Aug 2021,PS,PSS,PSSS0,1314,Retail,6681600,3006720,BẠC,BẠC,TRANG SỨC KHÔNG GẮN ĐÁ,0051121000
1000,Aug 2021,PS,PSS,PSSS0,1316,Online,886700,399015,BẠC,BẠC,TRANG SỨC KHÔNG GẮN ĐÁ,0051111100
1000,Aug 2021,PS,PSS,PSSS0,1316,Online,2997507,1348878,BẠC,BẠC,TRANG SỨC KHÔNG GẮN ĐÁ,0051121000
1000,Aug 2021,PS,PSS,PSSS0,1316,Retail,1020200,459090,BẠC,BẠC,TRANG SỨC KHÔNG GẮN ĐÁ,0051111100
1000,Aug 2021,PS,PSS,PSSS0,1316,Retail,4149750,1867388,BẠC,BẠC,TRANG SỨC KHÔNG GẮN ĐÁ,0051121000
1000,Aug 2021,PS,PSS,PSSS0,1317,Online,445000,200250,BẠC,BẠC,TRANG SỨC KHÔNG GẮN ĐÁ,0051121000
1000,Aug 2021,PS,PSS,PSSS0,1329,Online,1233500,555075,BẠC,BẠC,TRANG SỨC KHÔNG GẮN ĐÁ,0051121000
1000,Aug 2021,PS,PSS,PSSS0,1330,Retail,799600,359820,BẠC,BẠC,TRANG SỨC KHÔNG GẮN ĐÁ,0051121000
1000,Aug 2021,PS,PSS,PSSS0,1370,Online,285000,128250,BẠC,BẠC,TRANG SỨC KHÔNG GẮN ĐÁ,0051111100
1000,Aug 2021,PS,PSS,PSSS0,1370,Online,2330000,1048500,BẠC,BẠC,TRANG SỨC KHÔNG GẮN ĐÁ,0051121000
1000,Aug 2021,PS,PSS,PSSS0,1370,Retail,1591100,715995,BẠC,BẠC,TRANG SỨC KHÔNG GẮN ĐÁ,0051111100
1000,Aug 2021,PS,PSS,PSSS0,1370,Retail,3443440,1549548,BẠC,BẠC,TRANG SỨC KHÔNG GẮN ĐÁ,0051121000
1000,Aug 2021,PS,PSS,PSSS0,1373,Online,2240000,1008000,BẠC,BẠC,TRANG SỨC KHÔNG GẮN ĐÁ,0051121000
1000,Aug 2021,PS,PSS,PSSS0,1376,Online,1883350,847508,BẠC,BẠC,TRANG SỨC KHÔNG GẮN ĐÁ,0051121000
1000,Aug 2021,PS,PSS,PSSS0,1376,Retail,670900,301905,BẠC,BẠC,TRANG SỨC KHÔNG GẮN ĐÁ,0051121000
1000,Aug 2021,PS,PSS,PSSS0,1402,Online,1015000,456750,BẠC,BẠC,TRANG SỨC KHÔNG GẮN ĐÁ,0051121000
1000,Aug 2021,PS,PSS,PSSS0,1402,Retail,338000,152100,BẠC,BẠC,TRANG SỨC KHÔNG GẮN ĐÁ,0051111100
1000,Aug 2021,PS,PSS,PSSS0,1402,Retail,2888700,1299915,BẠC,BẠC,TRANG SỨC KHÔNG GẮN ĐÁ,0051121000
1000,Aug 2021,PS,PSS,PSSS0,1404,Online,275000,123750,BẠC,BẠC,TRANG SỨC KHÔNG GẮN ĐÁ,0051111100
1000,Aug 2021,PS,PSS,PSSS0,1404,Online,5216180,2347281,BẠC,BẠC,TRANG SỨC KHÔNG GẮN ĐÁ,0051121000
1000,Aug 2021,PS,PSS,PSSS0,1404,Online,,-209250,BẠC,BẠC,TRANG SỨC KHÔNG GẮN ĐÁ,0052131000
1000,Aug 2021,PS,PSS,PSSS0,1404,Retail,1350500,607725,BẠC,BẠC,TRANG SỨC KHÔNG GẮN ĐÁ,0051111100
1000,Aug 2021,PS,PSS,PSSS0,1404,Retail,4058000,1826100,BẠC,BẠC,TRANG SỨC KHÔNG GẮN ĐÁ,0051121000
1000,Aug 2021,PS,PSS,PSSS0,1417,Online,2152800,968760,BẠC,BẠC,TRANG SỨC KHÔNG GẮN ĐÁ,0051121000
1000,Aug 2021,PS,PSS,PSSS0,1417,Retail,835000,375750,BẠC,BẠC,TRANG SỨC KHÔNG GẮN ĐÁ,0051111100
1000,Aug 2021,PS,PSS,PSSS0,1417,Retail,1728000,777600,BẠC,BẠC,TRANG SỨC KHÔNG GẮN ĐÁ,0051121000
1000,Aug 2021,PS,PSS,PSSS0,1445,Online,1091000,490950,BẠC,BẠC,TRANG SỨC KHÔNG GẮN ĐÁ,0051121000
1000,Aug 2021,PS,PSS,PSSS0,1445,Online,,-133650,BẠC,BẠC,TRANG SỨC KHÔNG GẮN ĐÁ,0052131000
1000,Aug 2021,PS,PSS,PSSS0,1445,Retail,670000,301500,BẠC,BẠC,TRANG SỨC KHÔNG GẮN ĐÁ,0051111100
1000,Aug 2021,PS,PSS,PSSS0,1445,Retail,1709417,769238,BẠC,BẠC,TRANG SỨC KHÔNG GẮN ĐÁ,0051121000
1000,Aug 2021,PS,PSS,PSSS0,1447,Online,288000,129600,BẠC,BẠC,TRANG SỨC KHÔNG GẮN ĐÁ,0051111100
1000,Aug 2021,PS,PSS,PSSS0,1447,Online,2610900,1174905,BẠC,BẠC,TRANG SỨC KHÔNG GẮN ĐÁ,0051121000
1000,Aug 2021,PS,PSS,PSSS0,1447,Retail,1102000,495900,BẠC,BẠC,TRANG SỨC KHÔNG GẮN ĐÁ,0051121000
1000,Aug 2021,PS,PSS,PSSS0,1467,Online,841200,378540,BẠC,BẠC,TRANG SỨC KHÔNG GẮN ĐÁ,0051121000
1000,Aug 2021,PS,PSS,PSSS0,1467,Retail,1260000,567000,BẠC,BẠC,TRANG SỨC KHÔNG GẮN ĐÁ,0051111100
1000,Aug 2021,PS,PSS,PSSS0,1467,Retail,845000,380250,BẠC,BẠC,TRANG SỨC KHÔNG GẮN ĐÁ,0051121000
1000,Aug 2021,PS,PSS,PSSS0,1473,Online,708108,318649,BẠC,BẠC,TRANG SỨC KHÔNG GẮN ĐÁ,0051111100
1000,Aug 2021,PS,PSS,PSSS0,1473,Retail,590000,265500,BẠC,BẠC,TRANG SỨC KHÔNG GẮN ĐÁ,0051111100
1000,Aug 2021,PS,PSS,PSSS0,1473,Retail,1389000,625050,BẠC,BẠC,TRANG SỨC KHÔNG GẮN ĐÁ,0051121000
1000,Aug 2021,PS,PSS,PSSS0,1489,Online,265500,119475,BẠC,BẠC,TRANG SỨC KHÔNG GẮN ĐÁ,0051111100
1000,Aug 2021,PS,PSS,PSSS0,1489,Online,272000,122400,BẠC,BẠC,TRANG SỨC KHÔNG GẮN ĐÁ,0051121000
1000,Aug 2021,PS,PSS,PSSS0,1493,Online,388639,174888,BẠC,BẠC,TRANG SỨC KHÔNG GẮN ĐÁ,0051111100
1000,Aug 2021,PS,PSS,PSSS0,1493,Online,1480857,666386,BẠC,BẠC,TRANG SỨC KHÔNG GẮN ĐÁ,0051121000
1000,Aug 2021,PS,PSS,PSSS0,1493,Retail,288000,129600,BẠC,BẠC,TRANG SỨC KHÔNG GẮN ĐÁ,0051121000
1000,Aug 2021,PS,PSS,PSSY0,1115,Online,270000,121500,BẠC,BẠC,TRANG SỨC Ý,0051121000
1000,Aug 2021,PS,PSS,PSSY0,1115,Retail,985500,443475,BẠC,BẠC,TRANG SỨC Ý,0051111100
1000,Aug 2021,PS,PSS,PSSY0,1294,Online,0,0,BẠC,BẠC,TRANG SỨC Ý,0051121000
1000,Aug 2021,PS,PSS,PSSY0,1294,Retail,2180000,981000,BẠC,BẠC,TRANG SỨC Ý,0051111100
1000,Aug 2021,PS,PSS,PSSY0,1295,Online,336000,151200,BẠC,BẠC,TRANG SỨC Ý,0051111100
1000,Aug 2021,PS,PSS,PSSY0,1295,Online,270000,121500,BẠC,BẠC,TRANG SỨC Ý,0051121000
1000,Aug 2021,PS,PSS,PSSY0,1314,Retail,3082550,1387148,BẠC,BẠC,TRANG SỨC Ý,0051111100
1000,Aug 2021,PS,PSS,PSSY0,1316,Retail,1450000,652500,BẠC,BẠC,TRANG SỨC Ý,0051111100
1000,Aug 2021,PS,PSS,PSSY0,1329,Online,422000,189900,BẠC,BẠC,TRANG SỨC Ý,0051111100
1000,Aug 2021,PS,PSS,PSSY0,1370,Online,320000,144000,BẠC,BẠC,TRANG SỨC Ý,0051121000
1000,Aug 2021,PS,PSS,PSSY0,1373,Online,540000,243000,BẠC,BẠC,TRANG SỨC Ý,0051121000
1000,Aug 2021,PS,PSS,PSSY0,1402,Online,472000,212400,BẠC,BẠC,TRANG SỨC Ý,0051111100
1000,Aug 2021,PS,PSS,PSSY0,1402,Online,,-189900,BẠC,BẠC,TRANG SỨC Ý,0052131100
1000,Aug 2021,PS,PSS,PSSY0,1404,Online,1045000,470250,BẠC,BẠC,TRANG SỨC Ý,0051111100
1000,Aug 2021,PS,PSS,PSSY0,1404,Retail,1675000,753750,BẠC,BẠC,TRANG SỨC Ý,0051111100
1000,Aug 2021,PS,PSS,PSSY0,1417,Online,336000,151200,BẠC,BẠC,TRANG SỨC Ý,0051111100
1000,Aug 2021,PS,PSS,PSSY0,1417,Retail,1095000,492750,BẠC,BẠC,TRANG SỨC Ý,0051111100
1000,Aug 2021,PS,PSS,PSSY0,1445,Online,0,0,BẠC,BẠC,TRANG SỨC Ý,0051111100
1000,Aug 2021,PS,PSS,PSSY0,1445,Online,,-1085175,BẠC,BẠC,TRANG SỨC Ý,0052131100
1000,Aug 2021,PS,PSS,PSSY0,1447,Online,488000,219600,BẠC,BẠC,TRANG SỨC Ý,0051111100
1000,Aug 2021,PS,PSS,PSSY0,1447,Online,288000,129600,BẠC,BẠC,TRANG SỨC Ý,0051121000
1000,Aug 2021,PS,PSS,PSSY0,1467,Online,270000,121500,BẠC,BẠC,TRANG SỨC Ý,0051121000
1000,Aug 2021,PS,PSS,PSSY0,1467,Retail,531000,238950,BẠC,BẠC,TRANG SỨC Ý,0051111100
1000,Aug 2021,PS,PSS,PSSY0,1473,Retail,995000,447750,BẠC,BẠC,TRANG SỨC Ý,0051111100
1000,Aug 2021,PS,PSY,PSYB0,1115,Online,0,0,BẠC,STYLE,TRANG SỨC ECZ,0051121000
1000,Aug 2021,PS,PSY,PSYB0,1294,Online,607500,273375,BẠC,STYLE,TRANG SỨC ECZ,0051121000
1000,Aug 2021,PS,PSY,PSYP0,1314,Online,485000,218250,BẠC,STYLE,TRANG SỨC NGỌC TRAI,0051121000
1000,Aug 2021,PS,PSY,PSYP0,1376,Online,485000,218250,BẠC,STYLE,TRANG SỨC NGỌC TRAI,0051121000
1000,Aug 2021,PS,PSY,PSYS0,1316,Online,795000,357750,BẠC,STYLE,TRANG SỨC KHÔNG GẮN ĐÁ,0051111100
1000,Aug 2021,PS,PSY,PSYS0,1467,Online,419300,188685,BẠC,STYLE,TRANG SỨC KHÔNG GẮN ĐÁ,0051111100
1000,Aug 2021,PV,PVG,PVGT0,1314,,,-1490000,VÀNG MIẾNG,VÀNG,VÀNG ÉP SIÊU PNJ,0063290100
1000,Aug 2021,PV,PVG,PVGT0,1314,Retail,5305000,5305000,VÀNG MIẾNG,VÀNG,VÀNG ÉP SIÊU PNJ,0051121000
1000,Aug 2021,PV,PVG,PVGT0,1314,Retail,,-3610000,VÀNG MIẾNG,VÀNG,VÀNG ÉP SIÊU PNJ,0063210200
1000,Aug 2021,PV,PVG,PVGT1,1115,,,-13781510,VÀNG MIẾNG,VÀNG,VÀNG ÉP SIÊU SJC,0063290600
1000,Aug 2021,PV,PVG,PVGT1,1115,Retail,687000000,687000000,VÀNG MIẾNG,VÀNG,VÀNG ÉP SIÊU SJC,0051111100
1000,Aug 2021,PV,PVG,PVGT1,1115,Retail,,-671017248,VÀNG MIẾNG,VÀNG,VÀNG ÉP SIÊU SJC,0063210100
1000,Aug 2021,PV,PVG,PVGT1,1277,,,125313,VÀNG MIẾNG,VÀNG,VÀNG ÉP SIÊU SJC,0063290600
1000,Aug 2021,PV,PVG,PVGT1,1277,Retail,516250000,516250000,VÀNG MIẾNG,VÀNG,VÀNG ÉP SIÊU SJC,0051111100
1000,Aug 2021,PV,PVG,PVGT1,1277,Retail,,-511333124,VÀNG MIẾNG,VÀNG,VÀNG ÉP SIÊU SJC,0063210100
1000,Aug 2021,PV,PVG,PVGT1,1294,,,-1479824,VÀNG MIẾNG,VÀNG,VÀNG ÉP SIÊU SJC,0063290600
1000,Aug 2021,PV,PVG,PVGT1,1294,Retail,628150000,628150000,VÀNG MIẾNG,VÀNG,VÀNG ÉP SIÊU SJC,0051111100
1000,Aug 2021,PV,PVG,PVGT1,1294,Retail,,-625984600,VÀNG MIẾNG,VÀNG,VÀNG ÉP SIÊU SJC,0063210100
1000,Aug 2021,PV,PVG,PVGT1,1295,,,-16150615,VÀNG MIẾNG,VÀNG,VÀNG ÉP SIÊU SJC,0063290600
1000,Aug 2021,PV,PVG,PVGT1,1295,Retail,57250000,57250000,VÀNG MIẾNG,VÀNG,VÀNG ÉP SIÊU SJC,0051111100
1000,Aug 2021,PV,PVG,PVGT1,1295,Retail,,-40959000,VÀNG MIẾNG,VÀNG,VÀNG ÉP SIÊU SJC,0063210100
1000,Aug 2021,PV,PVG,PVGT1,1314,,,-2194659,VÀNG MIẾNG,VÀNG,VÀNG ÉP SIÊU SJC,0063290600
1000,Aug 2021,PV,PVG,PVGT1,1314,Retail,286100000,286100000,VÀNG MIẾNG,VÀNG,VÀNG ÉP SIÊU SJC,0051111100
1000,Aug 2021,PV,PVG,PVGT1,1314,Retail,,-282575494,VÀNG MIẾNG,VÀNG,VÀNG ÉP SIÊU SJC,0063210100
1000,Aug 2021,PV,PVG,PVGT1,1330,,,-4457169,VÀNG MIẾNG,VÀNG,VÀNG ÉP SIÊU SJC,0063290600
1000,Aug 2021,PV,PVG,PVGT1,1330,Retail,228800000,228800000,VÀNG MIẾNG,VÀNG,VÀNG ÉP SIÊU SJC,0051111100
1000,Aug 2021,PV,PVG,PVGT1,1330,Retail,,-222762396,VÀNG MIẾNG,VÀNG,VÀNG ÉP SIÊU SJC,0063210100
1000,Aug 2021,PV,PVG,PVGT1,1370,,,-1,VÀNG MIẾNG,VÀNG,VÀNG ÉP SIÊU SJC,0063290600
1000,Aug 2021,PV,PVG,PVGT1,1370,Retail,688450000,688450000,VÀNG MIẾNG,VÀNG,VÀNG ÉP SIÊU SJC,0051111100
1000,Aug 2021,PV,PVG,PVGT1,1370,Retail,,-679249716,VÀNG MIẾNG,VÀNG,VÀNG ÉP SIÊU SJC,0063210100
1000,Aug 2021,PV,PVG,PVGT1,1376,Retail,57200000,57200000,VÀNG MIẾNG,VÀNG,VÀNG ÉP SIÊU SJC,0051111100
1000,Aug 2021,PV,PVG,PVGT1,1376,Retail,,-57001763,VÀNG MIẾNG,VÀNG,VÀNG ÉP SIÊU SJC,0063210100
1000,Aug 2021,PV,PVG,PVGT1,1401,,,3,VÀNG MIẾNG,VÀNG,VÀNG ÉP SIÊU SJC,0063290600
1000,Aug 2021,PV,PVG,PVGT1,1401,Retail,398900000,398900000,VÀNG MIẾNG,VÀNG,VÀNG ÉP SIÊU SJC,0051111100
1000,Aug 2021,PV,PVG,PVGT1,1401,Retail,,-396470615,VÀNG MIẾNG,VÀNG,VÀNG ÉP SIÊU SJC,0063210100
1000,Aug 2021,PV,PVG,PVGT1,1404,,,-890477,VÀNG MIẾNG,VÀNG,VÀNG ÉP SIÊU SJC,0063290600
1000,Aug 2021,PV,PVG,PVGT1,1404,Retail,171650000,171650000,VÀNG MIẾNG,VÀNG,VÀNG ÉP SIÊU SJC,0051111100
1000,Aug 2021,PV,PVG,PVGT1,1404,Retail,,-170062087,VÀNG MIẾNG,VÀNG,VÀNG ÉP SIÊU SJC,0063210100
1000,Aug 2021,PV,PVG,PVGT1,1445,,,-1867229,VÀNG MIẾNG,VÀNG,VÀNG ÉP SIÊU SJC,0063290600
1000,Aug 2021,PV,PVG,PVGT1,1445,Retail,228950000,228950000,VÀNG MIẾNG,VÀNG,VÀNG ÉP SIÊU SJC,0051111100
1000,Aug 2021,PV,PVG,PVGT1,1445,Retail,,-226571233,VÀNG MIẾNG,VÀNG,VÀNG ÉP SIÊU SJC,0063210100
1000,Aug 2021,PW,PWF,PWFCI,1115,Retail,4581818,1603636,ĐỒNG HỒ,NỮ,CITIZEN,0051111100
1000,Aug 2021,PW,PWF,PWFCI,1294,Retail,4705909,1647068,ĐỒNG HỒ,NỮ,CITIZEN,0051111100
1000,Aug 2021,PW,PWF,PWFJC,1294,Online,4868182,1703864,ĐỒNG HỒ,NỮ,JUST CAVALLI,0051111100
1000,Aug 2021,PW,PWF,PWFJO,1115,Online,10967273,3838546,ĐỒNG HỒ,NỮ,JOWISSA,0051111100
1000,Aug 2021,PW,PWF,PWFMI,1115,Retail,6422727,2247954,ĐỒNG HỒ,NỮ,MICHAEL KORS,0051111100
1000,Aug 2021,PW,PWF,PWFMI,1316,Retail,3845455,1345909,ĐỒNG HỒ,NỮ,MICHAEL KORS,0051111100
1000,Aug 2021,PW,PWF,PWFMI,1373,Online,3245455,1135909,ĐỒNG HỒ,NỮ,MICHAEL KORS,0051111100
1000,Aug 2021,PW,PWF,PWFMI,1404,Retail,7690910,2691819,ĐỒNG HỒ,NỮ,MICHAEL KORS,0051111100
1000,Aug 2021,PW,PWF,PWFOB,1316,Online,3230000,1130500,ĐỒNG HỒ,NỮ,OLIVIA BURTON,0051111100
1000,Aug 2021,PW,PWF,PWFSK,1473,Retail,2814545,985091,ĐỒNG HỒ,NỮ,SKAGEN,0051111100
1000,Aug 2021,PW,PWF,PWFTI,1115,Online,17163636,6007273,ĐỒNG HỒ,NỮ,TISSOT,0051111100
1000,Aug 2021,PW,PWF,PWFTI,1294,Retail,7928182,2774864,ĐỒNG HỒ,NỮ,TISSOT,0051111100
1000,Aug 2021,PW,PWM,PWMCI,1115,Retail,19572228,6850280,ĐỒNG HỒ,NAM,CITIZEN,0051111100
1000,Aug 2021,PW,PWM,PWMCI,1316,Retail,4058182,1420364,ĐỒNG HỒ,NAM,CITIZEN,0051111100
1000,Aug 2021,PW,PWM,PWMCI,1473,Retail,6381818,2233636,ĐỒNG HỒ,NAM,CITIZEN,0051111100
1000,Aug 2021,PW,PWM,PWMFO,1404,Retail,3722727,1302954,ĐỒNG HỒ,NAM,FOSSIL,0051111100
1000,Aug 2021,PW,PWM,PWMFO,1445,Retail,3163636,1107273,ĐỒNG HỒ,NAM,FOSSIL,0051111100
1000,Aug 2021,PW,PWM,PWMJO,1294,Retail,5275455,1846409,ĐỒNG HỒ,NAM,JOWISSA,0051111100
1000,Aug 2021,PW,PWM,PWMOR,1294,Retail,3170909,1109818,ĐỒNG HỒ,NAM,ORIENT,0051111100
1000,Aug 2021,PW,PWM,PWMTI,1115,Retail,8394545,2938091,ĐỒNG HỒ,NAM,TISSOT,0051111100
1000,Aug 2021,PW,PWM,PWMTI,1316,Online,24072727,8425454,ĐỒNG HỒ,NAM,TISSOT,0051111100
